Interval Time,Interval Number,Resource Code,Interval Value
2025-06-17 00:14:59,1,CITRUSCY_15UNITS,0.0
2025-06-17 00:29:59,2,CITRUSCY_15UNITS,0.0
2025-06-17 00:44:59,3,CITRUSCY_15UNITS,0.0
2025-06-17 00:59:59,4,CITRUSCY_15UNITS,0.0
2025-06-17 01:14:59,5,CITRUSCY_15UNITS,0.0
2025-06-17 01:29:59,6,CITRUSCY_15UNITS,0.0
2025-06-17 01:44:59,7,CITRUSCY_15UNITS,0.0
2025-06-17 01:59:59,8,CITRUSCY_15UNITS,0.0
2025-06-17 02:14:59,9,CITRUSCY_15UNITS,0.0
2025-06-17 02:29:59,10,CITRUSCY_15UNITS,0.0
2025-06-17 02:44:59,11,CITRUSCY_15UNITS,0.0
2025-06-17 02:59:59,12,CITRUSCY_15UNITS,0.0
2025-06-17 03:14:59,13,CITRUSCY_15UNITS,0.0
2025-06-17 03:29:59,14,CITRUSCY_15UNITS,0.0
2025-06-17 03:44:59,15,CITRUSCY_15UNITS,0.0
2025-06-17 03:59:59,16,CITRUSCY_15UNITS,0.0
2025-06-17 04:14:59,17,CITRUSCY_15UNITS,0.0
2025-06-17 04:29:59,18,CITRUSCY_15UNITS,0.0
2025-06-17 04:44:59,19,CITRUSCY_15UNITS,0.0
2025-06-17 04:59:59,20,CITRUSCY_15UNITS,0.0
2025-06-17 05:14:59,21,CITRUSCY_15UNITS,0.0
2025-06-17 05:29:59,22,CITRUSCY_15UNITS,0.0
2025-06-17 05:44:59,23,CITRUSCY_15UNITS,0.0
2025-06-17 05:59:59,24,CITRUSCY_15UNITS,0.0
2025-06-17 06:14:59,25,CITRUSCY_15UNITS,0.0
2025-06-17 06:29:59,26,CITRUSCY_15UNITS,0.0
2025-06-17 06:44:59,27,CITRUSCY_15UNITS,0.0
2025-06-17 06:59:59,28,CITRUSCY_15UNITS,0.0
2025-06-17 07:14:59,29,CITRUSCY_15UNITS,0.0
2025-06-17 07:29:59,30,CITRUSCY_15UNITS,0.0
2025-06-17 07:44:59,31,CITRUSCY_15UNITS,0.0
2025-06-17 07:59:59,32,CITRUSCY_15UNITS,0.0
2025-06-17 08:14:59,33,CITRUSCY_15UNITS,0.0
2025-06-17 08:29:59,34,CITRUSCY_15UNITS,0.0
2025-06-17 08:44:59,35,CITRUSCY_15UNITS,0.0
2025-06-17 08:59:59,36,CITRUSCY_15UNITS,0.0
2025-06-17 09:14:59,37,CITRUSCY_15UNITS,0.0
2025-06-17 09:29:59,38,CITRUSCY_15UNITS,0.0
2025-06-17 09:44:59,39,CITRUSCY_15UNITS,0.0
2025-06-17 09:59:59,40,CITRUSCY_15UNITS,0.0
2025-06-17 10:14:59,41,CITRUSCY_15UNITS,0.0
2025-06-17 10:29:59,42,CITRUSCY_15UNITS,0.0
2025-06-17 10:44:59,43,CITRUSCY_15UNITS,0.0
2025-06-17 10:59:59,44,CITRUSCY_15UNITS,0.0
2025-06-17 11:14:59,45,CITRUSCY_15UNITS,0.0
2025-06-17 11:29:59,46,CITRUSCY_15UNITS,0.0
2025-06-17 11:44:59,47,CITRUSCY_15UNITS,0.0
2025-06-17 11:59:59,48,CITRUSCY_15UNITS,0.0
2025-06-17 12:14:59,49,CITRUSCY_15UNITS,0.0
2025-06-17 12:29:59,50,CITRUSCY_15UNITS,0.0
2025-06-17 12:44:59,51,CITRUSCY_15UNITS,0.0
2025-06-17 12:59:59,52,CITRUSCY_15UNITS,0.0
2025-06-17 13:14:59,53,CITRUSCY_15UNITS,0.0
2025-06-17 13:29:59,54,CITRUSCY_15UNITS,0.0
2025-06-17 13:44:59,55,CITRUSCY_15UNITS,0.0
2025-06-17 13:59:59,56,CITRUSCY_15UNITS,0.0
2025-06-17 14:14:59,57,CITRUSCY_15UNITS,0.0
2025-06-17 14:29:59,58,CITRUSCY_15UNITS,0.0
2025-06-17 14:44:59,59,CITRUSCY_15UNITS,0.0
2025-06-17 14:59:59,60,CITRUSCY_15UNITS,0.0
2025-06-17 15:14:59,61,CITRUSCY_15UNITS,0.0
2025-06-17 15:29:59,62,CITRUSCY_15UNITS,0.0
2025-06-17 15:44:59,63,CITRUSCY_15UNITS,0.0
2025-06-17 15:59:59,64,CITRUSCY_15UNITS,0.0
2025-06-17 16:14:59,65,CITRUSCY_15UNITS,0.0
2025-06-17 16:29:59,66,CITRUSCY_15UNITS,0.0
2025-06-17 16:44:59,67,CITRUSCY_15UNITS,0.0
2025-06-17 16:59:59,68,CITRUSCY_15UNITS,0.0
2025-06-17 17:14:59,69,CITRUSCY_15UNITS,0.0
2025-06-17 17:29:59,70,CITRUSCY_15UNITS,0.0
2025-06-17 17:44:59,71,CITRUSCY_15UNITS,0.0
2025-06-17 17:59:59,72,CITRUSCY_15UNITS,0.0
2025-06-17 18:14:59,73,CITRUSCY_15UNITS,0.0
2025-06-17 18:29:59,74,CITRUSCY_15UNITS,0.0
2025-06-17 18:44:59,75,CITRUSCY_15UNITS,0.0
2025-06-17 18:59:59,76,CITRUSCY_15UNITS,0.0
2025-06-17 19:14:59,77,CITRUSCY_15UNITS,0.0
2025-06-17 19:29:59,78,CITRUSCY_15UNITS,0.0
2025-06-17 19:44:59,79,CITRUSCY_15UNITS,0.0
2025-06-17 19:59:59,80,CITRUSCY_15UNITS,0.0
2025-06-17 20:14:59,81,CITRUSCY_15UNITS,0.0
2025-06-17 20:29:59,82,CITRUSCY_15UNITS,0.0
2025-06-17 20:44:59,83,CITRUSCY_15UNITS,0.0
2025-06-17 20:59:59,84,CITRUSCY_15UNITS,0.0
2025-06-17 21:14:59,85,CITRUSCY_15UNITS,0.0
2025-06-17 21:29:59,86,CITRUSCY_15UNITS,0.0
2025-06-17 21:44:59,87,CITRUSCY_15UNITS,0.0
2025-06-17 21:59:59,88,CITRUSCY_15UNITS,0.0
2025-06-17 22:14:59,89,CITRUSCY_15UNITS,0.0
2025-06-17 22:29:59,90,CITRUSCY_15UNITS,0.0
2025-06-17 22:44:59,91,CITRUSCY_15UNITS,0.0
2025-06-17 22:59:59,92,CITRUSCY_15UNITS,0.0
2025-06-17 23:14:59,93,CITRUSCY_15UNITS,0.0
2025-06-17 23:29:59,94,CITRUSCY_15UNITS,0.0
2025-06-17 23:44:59,95,CITRUSCY_15UNITS,0.0
2025-06-17 23:59:59,96,CITRUSCY_15UNITS,0.0
2025-06-18 00:14:59,1,CITRUSCY_15UNITS,0.0
2025-06-18 00:29:59,2,CITRUSCY_15UNITS,0.0
2025-06-18 00:44:59,3,CITRUSCY_15UNITS,0.0
2025-06-18 00:59:59,4,CITRUSCY_15UNITS,0.0
2025-06-18 01:14:59,5,CITRUSCY_15UNITS,0.0
2025-06-18 01:29:59,6,CITRUSCY_15UNITS,0.0
2025-06-18 01:44:59,7,CITRUSCY_15UNITS,0.0
2025-06-18 01:59:59,8,CITRUSCY_15UNITS,0.0
2025-06-18 02:14:59,9,CITRUSCY_15UNITS,0.0
2025-06-18 02:29:59,10,CITRUSCY_15UNITS,0.0
2025-06-18 02:44:59,11,CITRUSCY_15UNITS,0.0
2025-06-18 02:59:59,12,CITRUSCY_15UNITS,0.0
2025-06-18 03:14:59,13,CITRUSCY_15UNITS,0.0
2025-06-18 03:29:59,14,CITRUSCY_15UNITS,0.0
2025-06-18 03:44:59,15,CITRUSCY_15UNITS,0.0
2025-06-18 03:59:59,16,CITRUSCY_15UNITS,0.0
2025-06-18 04:14:59,17,CITRUSCY_15UNITS,0.0
2025-06-18 04:29:59,18,CITRUSCY_15UNITS,0.0
2025-06-18 04:44:59,19,CITRUSCY_15UNITS,0.0
2025-06-18 04:59:59,20,CITRUSCY_15UNITS,0.0
2025-06-18 05:14:59,21,CITRUSCY_15UNITS,0.0
2025-06-18 05:29:59,22,CITRUSCY_15UNITS,0.0
2025-06-18 05:44:59,23,CITRUSCY_15UNITS,0.0
2025-06-18 05:59:59,24,CITRUSCY_15UNITS,0.0
2025-06-18 06:14:59,25,CITRUSCY_15UNITS,0.0
2025-06-18 06:29:59,26,CITRUSCY_15UNITS,0.0
2025-06-18 06:44:59,27,CITRUSCY_15UNITS,0.0
2025-06-18 06:59:59,28,CITRUSCY_15UNITS,0.0
2025-06-18 07:14:59,29,CITRUSCY_15UNITS,0.0
2025-06-18 07:29:59,30,CITRUSCY_15UNITS,0.0
2025-06-18 07:44:59,31,CITRUSCY_15UNITS,0.0
2025-06-18 07:59:59,32,CITRUSCY_15UNITS,0.0
2025-06-18 08:14:59,33,CITRUSCY_15UNITS,0.0
2025-06-18 08:29:59,34,CITRUSCY_15UNITS,0.0
2025-06-18 08:44:59,35,CITRUSCY_15UNITS,0.0
2025-06-18 08:59:59,36,CITRUSCY_15UNITS,0.0
2025-06-18 09:14:59,37,CITRUSCY_15UNITS,0.0
2025-06-18 09:29:59,38,CITRUSCY_15UNITS,0.0
2025-06-18 09:44:59,39,CITRUSCY_15UNITS,0.0
2025-06-18 09:59:59,40,CITRUSCY_15UNITS,0.0
2025-06-18 10:14:59,41,CITRUSCY_15UNITS,0.0
2025-06-18 10:29:59,42,CITRUSCY_15UNITS,0.0
2025-06-18 10:44:59,43,CITRUSCY_15UNITS,0.0
2025-06-18 10:59:59,44,CITRUSCY_15UNITS,0.0
2025-06-18 11:14:59,45,CITRUSCY_15UNITS,0.0
2025-06-18 11:29:59,46,CITRUSCY_15UNITS,0.0
2025-06-18 11:44:59,47,CITRUSCY_15UNITS,0.0
2025-06-18 11:59:59,48,CITRUSCY_15UNITS,0.0
2025-06-18 12:14:59,49,CITRUSCY_15UNITS,0.0
2025-06-18 12:29:59,50,CITRUSCY_15UNITS,0.0
2025-06-18 12:44:59,51,CITRUSCY_15UNITS,0.0
2025-06-18 12:59:59,52,CITRUSCY_15UNITS,0.0
2025-06-18 13:14:59,53,CITRUSCY_15UNITS,0.0
2025-06-18 13:29:59,54,CITRUSCY_15UNITS,0.0
2025-06-18 13:44:59,55,CITRUSCY_15UNITS,0.0
2025-06-18 13:59:59,56,CITRUSCY_15UNITS,0.0
2025-06-18 14:14:59,57,CITRUSCY_15UNITS,0.0
2025-06-18 14:29:59,58,CITRUSCY_15UNITS,0.0
2025-06-18 14:44:59,59,CITRUSCY_15UNITS,0.0
2025-06-18 14:59:59,60,CITRUSCY_15UNITS,0.0
2025-06-18 15:14:59,61,CITRUSCY_15UNITS,0.0
2025-06-18 15:29:59,62,CITRUSCY_15UNITS,0.0
2025-06-18 15:44:59,63,CITRUSCY_15UNITS,0.0
2025-06-18 15:59:59,64,CITRUSCY_15UNITS,0.0
2025-06-18 16:14:59,65,CITRUSCY_15UNITS,0.0
2025-06-18 16:29:59,66,CITRUSCY_15UNITS,0.0
2025-06-18 16:44:59,67,CITRUSCY_15UNITS,0.0
2025-06-18 16:59:59,68,CITRUSCY_15UNITS,0.0
2025-06-18 17:14:59,69,CITRUSCY_15UNITS,0.0
2025-06-18 17:29:59,70,CITRUSCY_15UNITS,0.0
2025-06-18 17:44:59,71,CITRUSCY_15UNITS,0.0
2025-06-18 17:59:59,72,CITRUSCY_15UNITS,0.0
2025-06-18 18:14:59,73,CITRUSCY_15UNITS,0.0
2025-06-18 18:29:59,74,CITRUSCY_15UNITS,0.0
2025-06-18 18:44:59,75,CITRUSCY_15UNITS,0.0
2025-06-18 18:59:59,76,CITRUSCY_15UNITS,0.0
2025-06-18 19:14:59,77,CITRUSCY_15UNITS,0.0
2025-06-18 19:29:59,78,CITRUSCY_15UNITS,0.0
2025-06-18 19:44:59,79,CITRUSCY_15UNITS,0.0
2025-06-18 19:59:59,80,CITRUSCY_15UNITS,0.0
2025-06-18 20:14:59,81,CITRUSCY_15UNITS,0.0
2025-06-18 20:29:59,82,CITRUSCY_15UNITS,0.0
2025-06-18 20:44:59,83,CITRUSCY_15UNITS,0.0
2025-06-18 20:59:59,84,CITRUSCY_15UNITS,0.0
2025-06-18 21:14:59,85,CITRUSCY_15UNITS,0.0
2025-06-18 21:29:59,86,CITRUSCY_15UNITS,0.0
2025-06-18 21:44:59,87,CITRUSCY_15UNITS,0.0
2025-06-18 21:59:59,88,CITRUSCY_15UNITS,0.0
2025-06-18 22:14:59,89,CITRUSCY_15UNITS,0.0
2025-06-18 22:29:59,90,CITRUSCY_15UNITS,0.0
2025-06-18 22:44:59,91,CITRUSCY_15UNITS,0.0
2025-06-18 22:59:59,92,CITRUSCY_15UNITS,0.0
2025-06-18 23:14:59,93,CITRUSCY_15UNITS,0.0
2025-06-18 23:29:59,94,CITRUSCY_15UNITS,0.0
2025-06-18 23:44:59,95,CITRUSCY_15UNITS,0.0
2025-06-18 23:59:59,96,CITRUSCY_15UNITS,0.0
2025-06-19 00:14:59,1,CITRUSCY_15UNITS,0.0
2025-06-19 00:29:59,2,CITRUSCY_15UNITS,0.0
2025-06-19 00:44:59,3,CITRUSCY_15UNITS,0.0
2025-06-19 00:59:59,4,CITRUSCY_15UNITS,0.0
2025-06-19 01:14:59,5,CITRUSCY_15UNITS,0.0
2025-06-19 01:29:59,6,CITRUSCY_15UNITS,0.0
2025-06-19 01:44:59,7,CITRUSCY_15UNITS,0.0
2025-06-19 01:59:59,8,CITRUSCY_15UNITS,0.0
2025-06-19 02:14:59,9,CITRUSCY_15UNITS,0.0
2025-06-19 02:29:59,10,CITRUSCY_15UNITS,0.0
2025-06-19 02:44:59,11,CITRUSCY_15UNITS,0.0
2025-06-19 02:59:59,12,CITRUSCY_15UNITS,0.0
2025-06-19 03:14:59,13,CITRUSCY_15UNITS,0.0
2025-06-19 03:29:59,14,CITRUSCY_15UNITS,0.0
2025-06-19 03:44:59,15,CITRUSCY_15UNITS,0.0
2025-06-19 03:59:59,16,CITRUSCY_15UNITS,0.0
2025-06-19 04:14:59,17,CITRUSCY_15UNITS,0.0
2025-06-19 04:29:59,18,CITRUSCY_15UNITS,0.0
2025-06-19 04:44:59,19,CITRUSCY_15UNITS,0.0
2025-06-19 04:59:59,20,CITRUSCY_15UNITS,0.0
2025-06-19 05:14:59,21,CITRUSCY_15UNITS,0.0
2025-06-19 05:29:59,22,CITRUSCY_15UNITS,0.0
2025-06-19 05:44:59,23,CITRUSCY_15UNITS,0.0
2025-06-19 05:59:59,24,CITRUSCY_15UNITS,0.0
2025-06-19 06:14:59,25,CITRUSCY_15UNITS,0.0
2025-06-19 06:29:59,26,CITRUSCY_15UNITS,0.0
2025-06-19 06:44:59,27,CITRUSCY_15UNITS,0.0
2025-06-19 06:59:59,28,CITRUSCY_15UNITS,0.0
2025-06-19 07:14:59,29,CITRUSCY_15UNITS,0.0
2025-06-19 07:29:59,30,CITRUSCY_15UNITS,0.0
2025-06-19 07:44:59,31,CITRUSCY_15UNITS,0.0
2025-06-19 07:59:59,32,CITRUSCY_15UNITS,0.0
2025-06-19 08:14:59,33,CITRUSCY_15UNITS,0.0
2025-06-19 08:29:59,34,CITRUSCY_15UNITS,0.0
2025-06-19 08:44:59,35,CITRUSCY_15UNITS,0.0
2025-06-19 08:59:59,36,CITRUSCY_15UNITS,0.0
2025-06-19 09:14:59,37,CITRUSCY_15UNITS,0.0
2025-06-19 09:29:59,38,CITRUSCY_15UNITS,0.0
2025-06-19 09:44:59,39,CITRUSCY_15UNITS,0.0
2025-06-19 09:59:59,40,CITRUSCY_15UNITS,0.0
2025-06-19 10:14:59,41,CITRUSCY_15UNITS,0.0
2025-06-19 10:29:59,42,CITRUSCY_15UNITS,0.0
2025-06-19 10:44:59,43,CITRUSCY_15UNITS,0.0
2025-06-19 10:59:59,44,CITRUSCY_15UNITS,0.0
2025-06-19 11:14:59,45,CITRUSCY_15UNITS,0.0
2025-06-19 11:29:59,46,CITRUSCY_15UNITS,0.0
2025-06-19 11:44:59,47,CITRUSCY_15UNITS,0.0
2025-06-19 11:59:59,48,CITRUSCY_15UNITS,0.0
2025-06-19 12:14:59,49,CITRUSCY_15UNITS,0.0
2025-06-19 12:29:59,50,CITRUSCY_15UNITS,0.0
2025-06-19 12:44:59,51,CITRUSCY_15UNITS,0.0
2025-06-19 12:59:59,52,CITRUSCY_15UNITS,0.0
2025-06-19 13:14:59,53,CITRUSCY_15UNITS,0.0
2025-06-19 13:29:59,54,CITRUSCY_15UNITS,0.0
2025-06-19 13:44:59,55,CITRUSCY_15UNITS,0.0
2025-06-19 13:59:59,56,CITRUSCY_15UNITS,0.0
2025-06-19 14:14:59,57,CITRUSCY_15UNITS,0.0
2025-06-19 14:29:59,58,CITRUSCY_15UNITS,0.0
2025-06-19 14:44:59,59,CITRUSCY_15UNITS,0.0
2025-06-19 14:59:59,60,CITRUSCY_15UNITS,0.0
2025-06-19 15:14:59,61,CITRUSCY_15UNITS,0.0
2025-06-19 15:29:59,62,CITRUSCY_15UNITS,0.0
2025-06-19 15:44:59,63,CITRUSCY_15UNITS,0.0
2025-06-19 15:59:59,64,CITRUSCY_15UNITS,0.0
2025-06-19 16:14:59,65,CITRUSCY_15UNITS,0.0
2025-06-19 16:29:59,66,CITRUSCY_15UNITS,0.0
2025-06-19 16:44:59,67,CITRUSCY_15UNITS,0.0
2025-06-19 16:59:59,68,CITRUSCY_15UNITS,0.0
2025-06-19 17:14:59,69,CITRUSCY_15UNITS,0.0
2025-06-19 17:29:59,70,CITRUSCY_15UNITS,0.0
2025-06-19 17:44:59,71,CITRUSCY_15UNITS,0.0
2025-06-19 17:59:59,72,CITRUSCY_15UNITS,0.0
2025-06-19 18:14:59,73,CITRUSCY_15UNITS,0.0
2025-06-19 18:29:59,74,CITRUSCY_15UNITS,0.0
2025-06-19 18:44:59,75,CITRUSCY_15UNITS,0.0
2025-06-19 18:59:59,76,CITRUSCY_15UNITS,0.0
2025-06-19 19:14:59,77,CITRUSCY_15UNITS,0.0
2025-06-19 19:29:59,78,CITRUSCY_15UNITS,0.0
2025-06-19 19:44:59,79,CITRUSCY_15UNITS,0.0
2025-06-19 19:59:59,80,CITRUSCY_15UNITS,0.0
2025-06-19 20:14:59,81,CITRUSCY_15UNITS,0.0
2025-06-19 20:29:59,82,CITRUSCY_15UNITS,0.0
2025-06-19 20:44:59,83,CITRUSCY_15UNITS,0.0
2025-06-19 20:59:59,84,CITRUSCY_15UNITS,0.0
2025-06-19 21:14:59,85,CITRUSCY_15UNITS,0.0
2025-06-19 21:29:59,86,CITRUSCY_15UNITS,0.0
2025-06-19 21:44:59,87,CITRUSCY_15UNITS,0.0
2025-06-19 21:59:59,88,CITRUSCY_15UNITS,0.0
2025-06-19 22:14:59,89,CITRUSCY_15UNITS,0.0
2025-06-19 22:29:59,90,CITRUSCY_15UNITS,0.0
2025-06-19 22:44:59,91,CITRUSCY_15UNITS,0.0
2025-06-19 22:59:59,92,CITRUSCY_15UNITS,0.0
2025-06-19 23:14:59,93,CITRUSCY_15UNITS,0.0
2025-06-19 23:29:59,94,CITRUSCY_15UNITS,0.0
2025-06-19 23:44:59,95,CITRUSCY_15UNITS,0.0
2025-06-19 23:59:59,96,CITRUSCY_15UNITS,0.0
2025-06-20 00:14:59,1,CITRUSCY_15UNITS,0.0
2025-06-20 00:29:59,2,CITRUSCY_15UNITS,0.0
2025-06-20 00:44:59,3,CITRUSCY_15UNITS,0.0
2025-06-20 00:59:59,4,CITRUSCY_15UNITS,0.0
2025-06-20 01:14:59,5,CITRUSCY_15UNITS,0.0
2025-06-20 01:29:59,6,CITRUSCY_15UNITS,0.0
2025-06-20 01:44:59,7,CITRUSCY_15UNITS,0.0
2025-06-20 01:59:59,8,CITRUSCY_15UNITS,0.0
2025-06-20 02:14:59,9,CITRUSCY_15UNITS,0.0
2025-06-20 02:29:59,10,CITRUSCY_15UNITS,0.0
2025-06-20 02:44:59,11,CITRUSCY_15UNITS,0.0
2025-06-20 02:59:59,12,CITRUSCY_15UNITS,0.0
2025-06-20 03:14:59,13,CITRUSCY_15UNITS,0.0
2025-06-20 03:29:59,14,CITRUSCY_15UNITS,0.0
2025-06-20 03:44:59,15,CITRUSCY_15UNITS,0.0
2025-06-20 03:59:59,16,CITRUSCY_15UNITS,0.0
2025-06-20 04:14:59,17,CITRUSCY_15UNITS,0.0
2025-06-20 04:29:59,18,CITRUSCY_15UNITS,0.0
2025-06-20 04:44:59,19,CITRUSCY_15UNITS,0.0
2025-06-20 04:59:59,20,CITRUSCY_15UNITS,0.0
2025-06-20 05:14:59,21,CITRUSCY_15UNITS,0.0
2025-06-20 05:29:59,22,CITRUSCY_15UNITS,0.0
2025-06-20 05:44:59,23,CITRUSCY_15UNITS,0.0
2025-06-20 05:59:59,24,CITRUSCY_15UNITS,0.0
2025-06-20 06:14:59,25,CITRUSCY_15UNITS,0.0
2025-06-20 06:29:59,26,CITRUSCY_15UNITS,0.0
2025-06-20 06:44:59,27,CITRUSCY_15UNITS,0.0
2025-06-20 06:59:59,28,CITRUSCY_15UNITS,0.0
2025-06-20 07:14:59,29,CITRUSCY_15UNITS,0.0
2025-06-20 07:29:59,30,CITRUSCY_15UNITS,0.0
2025-06-20 07:44:59,31,CITRUSCY_15UNITS,0.0
2025-06-20 07:59:59,32,CITRUSCY_15UNITS,0.0
2025-06-20 08:14:59,33,CITRUSCY_15UNITS,0.0
2025-06-20 08:29:59,34,CITRUSCY_15UNITS,0.0
2025-06-20 08:44:59,35,CITRUSCY_15UNITS,0.0
2025-06-20 08:59:59,36,CITRUSCY_15UNITS,0.0
2025-06-20 09:14:59,37,CITRUSCY_15UNITS,0.0
2025-06-20 09:29:59,38,CITRUSCY_15UNITS,0.0
2025-06-20 09:44:59,39,CITRUSCY_15UNITS,0.0
2025-06-20 09:59:59,40,CITRUSCY_15UNITS,0.0
2025-06-20 10:14:59,41,CITRUSCY_15UNITS,0.0
2025-06-20 10:29:59,42,CITRUSCY_15UNITS,0.0
2025-06-20 10:44:59,43,CITRUSCY_15UNITS,0.0
2025-06-20 10:59:59,44,CITRUSCY_15UNITS,0.0
2025-06-20 11:14:59,45,CITRUSCY_15UNITS,0.0
2025-06-20 11:29:59,46,CITRUSCY_15UNITS,0.0
2025-06-20 11:44:59,47,CITRUSCY_15UNITS,0.0
2025-06-20 11:59:59,48,CITRUSCY_15UNITS,0.0
2025-06-20 12:14:59,49,CITRUSCY_15UNITS,0.0
2025-06-20 12:29:59,50,CITRUSCY_15UNITS,0.0
2025-06-20 12:44:59,51,CITRUSCY_15UNITS,0.0
2025-06-20 12:59:59,52,CITRUSCY_15UNITS,0.0
2025-06-20 13:14:59,53,CITRUSCY_15UNITS,0.0
2025-06-20 13:29:59,54,CITRUSCY_15UNITS,0.0
2025-06-20 13:44:59,55,CITRUSCY_15UNITS,0.0
2025-06-20 13:59:59,56,CITRUSCY_15UNITS,0.0
2025-06-20 14:14:59,57,CITRUSCY_15UNITS,0.0
2025-06-20 14:29:59,58,CITRUSCY_15UNITS,0.0
2025-06-20 14:44:59,59,CITRUSCY_15UNITS,0.0
2025-06-20 14:59:59,60,CITRUSCY_15UNITS,0.0
2025-06-20 15:14:59,61,CITRUSCY_15UNITS,0.0
2025-06-20 15:29:59,62,CITRUSCY_15UNITS,0.0
2025-06-20 15:44:59,63,CITRUSCY_15UNITS,0.0
2025-06-20 15:59:59,64,CITRUSCY_15UNITS,0.0
2025-06-20 16:14:59,65,CITRUSCY_15UNITS,0.0
2025-06-20 16:29:59,66,CITRUSCY_15UNITS,0.0
2025-06-20 16:44:59,67,CITRUSCY_15UNITS,0.0
2025-06-20 16:59:59,68,CITRUSCY_15UNITS,0.0
2025-06-20 17:14:59,69,CITRUSCY_15UNITS,0.0
2025-06-20 17:29:59,70,CITRUSCY_15UNITS,0.0
2025-06-20 17:44:59,71,CITRUSCY_15UNITS,0.0
2025-06-20 17:59:59,72,CITRUSCY_15UNITS,0.0
2025-06-20 18:14:59,73,CITRUSCY_15UNITS,0.0
2025-06-20 18:29:59,74,CITRUSCY_15UNITS,0.0
2025-06-20 18:44:59,75,CITRUSCY_15UNITS,0.0
2025-06-20 18:59:59,76,CITRUSCY_15UNITS,0.0
2025-06-20 19:14:59,77,CITRUSCY_15UNITS,0.0
2025-06-20 19:29:59,78,CITRUSCY_15UNITS,0.0
2025-06-20 19:44:59,79,CITRUSCY_15UNITS,0.0
2025-06-20 19:59:59,80,CITRUSCY_15UNITS,0.0
2025-06-20 20:14:59,81,CITRUSCY_15UNITS,0.0
2025-06-20 20:29:59,82,CITRUSCY_15UNITS,0.0
2025-06-20 20:44:59,83,CITRUSCY_15UNITS,0.0
2025-06-20 20:59:59,84,CITRUSCY_15UNITS,0.0
2025-06-20 21:14:59,85,CITRUSCY_15UNITS,0.0
2025-06-20 21:29:59,86,CITRUSCY_15UNITS,0.0
2025-06-20 21:44:59,87,CITRUSCY_15UNITS,0.0
2025-06-20 21:59:59,88,CITRUSCY_15UNITS,0.0
2025-06-20 22:14:59,89,CITRUSCY_15UNITS,0.0
2025-06-20 22:29:59,90,CITRUSCY_15UNITS,0.0
2025-06-20 22:44:59,91,CITRUSCY_15UNITS,0.0
2025-06-20 22:59:59,92,CITRUSCY_15UNITS,0.0
2025-06-20 23:14:59,93,CITRUSCY_15UNITS,0.0
2025-06-20 23:29:59,94,CITRUSCY_15UNITS,0.0
2025-06-20 23:44:59,95,CITRUSCY_15UNITS,0.0
2025-06-20 23:59:59,96,CITRUSCY_15UNITS,0.0
2025-06-21 00:14:59,1,CITRUSCY_15UNITS,0.0
2025-06-21 00:29:59,2,CITRUSCY_15UNITS,0.0
2025-06-21 00:44:59,3,CITRUSCY_15UNITS,0.0
2025-06-21 00:59:59,4,CITRUSCY_15UNITS,0.0
2025-06-21 01:14:59,5,CITRUSCY_15UNITS,0.0
2025-06-21 01:29:59,6,CITRUSCY_15UNITS,0.0
2025-06-21 01:44:59,7,CITRUSCY_15UNITS,0.0
2025-06-21 01:59:59,8,CITRUSCY_15UNITS,0.0
2025-06-21 02:14:59,9,CITRUSCY_15UNITS,0.0
2025-06-21 02:29:59,10,CITRUSCY_15UNITS,0.0
2025-06-21 02:44:59,11,CITRUSCY_15UNITS,0.0
2025-06-21 02:59:59,12,CITRUSCY_15UNITS,0.0
2025-06-21 03:14:59,13,CITRUSCY_15UNITS,0.0
2025-06-21 03:29:59,14,CITRUSCY_15UNITS,0.0
2025-06-21 03:44:59,15,CITRUSCY_15UNITS,0.0
2025-06-21 03:59:59,16,CITRUSCY_15UNITS,0.0
2025-06-21 04:14:59,17,CITRUSCY_15UNITS,0.0
2025-06-21 04:29:59,18,CITRUSCY_15UNITS,0.0
2025-06-21 04:44:59,19,CITRUSCY_15UNITS,0.0
2025-06-21 04:59:59,20,CITRUSCY_15UNITS,0.0
2025-06-21 05:14:59,21,CITRUSCY_15UNITS,0.0
2025-06-21 05:29:59,22,CITRUSCY_15UNITS,0.0
2025-06-21 05:44:59,23,CITRUSCY_15UNITS,0.0
2025-06-21 05:59:59,24,CITRUSCY_15UNITS,0.0
2025-06-21 06:14:59,25,CITRUSCY_15UNITS,0.0
2025-06-21 06:29:59,26,CITRUSCY_15UNITS,0.0
2025-06-21 06:44:59,27,CITRUSCY_15UNITS,0.0
2025-06-21 06:59:59,28,CITRUSCY_15UNITS,0.0
2025-06-21 07:14:59,29,CITRUSCY_15UNITS,0.0
2025-06-21 07:29:59,30,CITRUSCY_15UNITS,0.0
2025-06-21 07:44:59,31,CITRUSCY_15UNITS,0.0
2025-06-21 07:59:59,32,CITRUSCY_15UNITS,0.0
2025-06-21 08:14:59,33,CITRUSCY_15UNITS,0.0
2025-06-21 08:29:59,34,CITRUSCY_15UNITS,0.0
2025-06-21 08:44:59,35,CITRUSCY_15UNITS,0.0
2025-06-21 08:59:59,36,CITRUSCY_15UNITS,0.0
2025-06-21 09:14:59,37,CITRUSCY_15UNITS,0.0
2025-06-21 09:29:59,38,CITRUSCY_15UNITS,0.0
2025-06-21 09:44:59,39,CITRUSCY_15UNITS,0.0
2025-06-21 09:59:59,40,CITRUSCY_15UNITS,0.0
2025-06-21 10:14:59,41,CITRUSCY_15UNITS,0.0
2025-06-21 10:29:59,42,CITRUSCY_15UNITS,0.0
2025-06-21 10:44:59,43,CITRUSCY_15UNITS,0.0
2025-06-21 10:59:59,44,CITRUSCY_15UNITS,0.0
2025-06-21 11:14:59,45,CITRUSCY_15UNITS,0.0
2025-06-21 11:29:59,46,CITRUSCY_15UNITS,0.0
2025-06-21 11:44:59,47,CITRUSCY_15UNITS,0.0
2025-06-21 11:59:59,48,CITRUSCY_15UNITS,0.0
2025-06-21 12:14:59,49,CITRUSCY_15UNITS,0.0
2025-06-21 12:29:59,50,CITRUSCY_15UNITS,0.0
2025-06-21 12:44:59,51,CITRUSCY_15UNITS,0.0
2025-06-21 12:59:59,52,CITRUSCY_15UNITS,0.0
2025-06-21 13:14:59,53,CITRUSCY_15UNITS,0.0
2025-06-21 13:29:59,54,CITRUSCY_15UNITS,0.0
2025-06-21 13:44:59,55,CITRUSCY_15UNITS,0.0
2025-06-21 13:59:59,56,CITRUSCY_15UNITS,0.0
2025-06-21 14:14:59,57,CITRUSCY_15UNITS,0.0
2025-06-21 14:29:59,58,CITRUSCY_15UNITS,0.0
2025-06-21 14:44:59,59,CITRUSCY_15UNITS,0.0
2025-06-21 14:59:59,60,CITRUSCY_15UNITS,0.0
2025-06-21 15:14:59,61,CITRUSCY_15UNITS,0.0
2025-06-21 15:29:59,62,CITRUSCY_15UNITS,0.0
2025-06-21 15:44:59,63,CITRUSCY_15UNITS,0.0
2025-06-21 15:59:59,64,CITRUSCY_15UNITS,0.0
2025-06-21 16:14:59,65,CITRUSCY_15UNITS,0.0
2025-06-21 16:29:59,66,CITRUSCY_15UNITS,0.0
2025-06-21 16:44:59,67,CITRUSCY_15UNITS,0.0
2025-06-21 16:59:59,68,CITRUSCY_15UNITS,0.0
2025-06-21 17:14:59,69,CITRUSCY_15UNITS,0.0
2025-06-21 17:29:59,70,CITRUSCY_15UNITS,0.0
2025-06-21 17:44:59,71,CITRUSCY_15UNITS,0.0
2025-06-21 17:59:59,72,CITRUSCY_15UNITS,0.0
2025-06-21 18:14:59,73,CITRUSCY_15UNITS,0.0
2025-06-21 18:29:59,74,CITRUSCY_15UNITS,0.0
2025-06-21 18:44:59,75,CITRUSCY_15UNITS,0.0
2025-06-21 18:59:59,76,CITRUSCY_15UNITS,0.0
2025-06-21 19:14:59,77,CITRUSCY_15UNITS,0.0
2025-06-21 19:29:59,78,CITRUSCY_15UNITS,0.0
2025-06-21 19:44:59,79,CITRUSCY_15UNITS,0.0
2025-06-21 19:59:59,80,CITRUSCY_15UNITS,0.0
2025-06-21 20:14:59,81,CITRUSCY_15UNITS,0.0
2025-06-21 20:29:59,82,CITRUSCY_15UNITS,0.0
2025-06-21 20:44:59,83,CITRUSCY_15UNITS,0.0
2025-06-21 20:59:59,84,CITRUSCY_15UNITS,0.0
2025-06-21 21:14:59,85,CITRUSCY_15UNITS,0.0
2025-06-21 21:29:59,86,CITRUSCY_15UNITS,0.0
2025-06-21 21:44:59,87,CITRUSCY_15UNITS,0.0
2025-06-21 21:59:59,88,CITRUSCY_15UNITS,0.0
2025-06-21 22:14:59,89,CITRUSCY_15UNITS,0.0
2025-06-21 22:29:59,90,CITRUSCY_15UNITS,0.0
2025-06-21 22:44:59,91,CITRUSCY_15UNITS,0.0
2025-06-21 22:59:59,92,CITRUSCY_15UNITS,0.0
2025-06-21 23:14:59,93,CITRUSCY_15UNITS,0.0
2025-06-21 23:29:59,94,CITRUSCY_15UNITS,0.0
2025-06-21 23:44:59,95,CITRUSCY_15UNITS,0.0
2025-06-21 23:59:59,96,CITRUSCY_15UNITS,0.0
2025-06-22 00:14:59,1,CITRUSCY_15UNITS,0.0
2025-06-22 00:29:59,2,CITRUSCY_15UNITS,0.0
2025-06-22 00:44:59,3,CITRUSCY_15UNITS,0.0
2025-06-22 00:59:59,4,CITRUSCY_15UNITS,0.0
2025-06-22 01:14:59,5,CITRUSCY_15UNITS,0.0
2025-06-22 01:29:59,6,CITRUSCY_15UNITS,0.0
2025-06-22 01:44:59,7,CITRUSCY_15UNITS,0.0
2025-06-22 01:59:59,8,CITRUSCY_15UNITS,0.0
2025-06-22 02:14:59,9,CITRUSCY_15UNITS,0.0
2025-06-22 02:29:59,10,CITRUSCY_15UNITS,0.0
2025-06-22 02:44:59,11,CITRUSCY_15UNITS,0.0
2025-06-22 02:59:59,12,CITRUSCY_15UNITS,0.0
2025-06-22 03:14:59,13,CITRUSCY_15UNITS,0.0
2025-06-22 03:29:59,14,CITRUSCY_15UNITS,0.0
2025-06-22 03:44:59,15,CITRUSCY_15UNITS,0.0
2025-06-22 03:59:59,16,CITRUSCY_15UNITS,0.0
2025-06-22 04:14:59,17,CITRUSCY_15UNITS,0.0
2025-06-22 04:29:59,18,CITRUSCY_15UNITS,0.0
2025-06-22 04:44:59,19,CITRUSCY_15UNITS,0.0
2025-06-22 04:59:59,20,CITRUSCY_15UNITS,0.0
2025-06-22 05:14:59,21,CITRUSCY_15UNITS,0.0
2025-06-22 05:29:59,22,CITRUSCY_15UNITS,0.0
2025-06-22 05:44:59,23,CITRUSCY_15UNITS,0.0
2025-06-22 05:59:59,24,CITRUSCY_15UNITS,0.0
2025-06-22 06:14:59,25,CITRUSCY_15UNITS,0.0
2025-06-22 06:29:59,26,CITRUSCY_15UNITS,0.0
2025-06-22 06:44:59,27,CITRUSCY_15UNITS,0.0
2025-06-22 06:59:59,28,CITRUSCY_15UNITS,0.0
2025-06-22 07:14:59,29,CITRUSCY_15UNITS,0.0
2025-06-22 07:29:59,30,CITRUSCY_15UNITS,0.0
2025-06-22 07:44:59,31,CITRUSCY_15UNITS,0.0
2025-06-22 07:59:59,32,CITRUSCY_15UNITS,0.0
2025-06-22 08:14:59,33,CITRUSCY_15UNITS,0.0
2025-06-22 08:29:59,34,CITRUSCY_15UNITS,0.0
2025-06-22 08:44:59,35,CITRUSCY_15UNITS,0.0
2025-06-22 08:59:59,36,CITRUSCY_15UNITS,0.0
2025-06-22 09:14:59,37,CITRUSCY_15UNITS,0.0
2025-06-22 09:29:59,38,CITRUSCY_15UNITS,0.0
2025-06-22 09:44:59,39,CITRUSCY_15UNITS,0.0
2025-06-22 09:59:59,40,CITRUSCY_15UNITS,0.0
2025-06-22 10:14:59,41,CITRUSCY_15UNITS,0.0
2025-06-22 10:29:59,42,CITRUSCY_15UNITS,0.0
2025-06-22 10:44:59,43,CITRUSCY_15UNITS,0.0
2025-06-22 10:59:59,44,CITRUSCY_15UNITS,0.0
2025-06-22 11:14:59,45,CITRUSCY_15UNITS,0.0
2025-06-22 11:29:59,46,CITRUSCY_15UNITS,0.0
2025-06-22 11:44:59,47,CITRUSCY_15UNITS,0.0
2025-06-22 11:59:59,48,CITRUSCY_15UNITS,0.0
2025-06-22 12:14:59,49,CITRUSCY_15UNITS,0.0
2025-06-22 12:29:59,50,CITRUSCY_15UNITS,0.0
2025-06-22 12:44:59,51,CITRUSCY_15UNITS,0.0
2025-06-22 12:59:59,52,CITRUSCY_15UNITS,0.0
2025-06-22 13:14:59,53,CITRUSCY_15UNITS,0.0
2025-06-22 13:29:59,54,CITRUSCY_15UNITS,0.0
2025-06-22 13:44:59,55,CITRUSCY_15UNITS,0.0
2025-06-22 13:59:59,56,CITRUSCY_15UNITS,0.0
2025-06-22 14:14:59,57,CITRUSCY_15UNITS,0.0
2025-06-22 14:29:59,58,CITRUSCY_15UNITS,0.0
2025-06-22 14:44:59,59,CITRUSCY_15UNITS,0.0
2025-06-22 14:59:59,60,CITRUSCY_15UNITS,0.0
2025-06-22 15:14:59,61,CITRUSCY_15UNITS,0.0
2025-06-22 15:29:59,62,CITRUSCY_15UNITS,0.0
2025-06-22 15:44:59,63,CITRUSCY_15UNITS,0.0
2025-06-22 15:59:59,64,CITRUSCY_15UNITS,0.0
2025-06-22 16:14:59,65,CITRUSCY_15UNITS,0.0
2025-06-22 16:29:59,66,CITRUSCY_15UNITS,0.0
2025-06-22 16:44:59,67,CITRUSCY_15UNITS,0.0
2025-06-22 16:59:59,68,CITRUSCY_15UNITS,0.0
2025-06-22 17:14:59,69,CITRUSCY_15UNITS,0.0
2025-06-22 17:29:59,70,CITRUSCY_15UNITS,0.0
2025-06-22 17:44:59,71,CITRUSCY_15UNITS,0.0
2025-06-22 17:59:59,72,CITRUSCY_15UNITS,0.0
2025-06-22 18:14:59,73,CITRUSCY_15UNITS,0.0
2025-06-22 18:29:59,74,CITRUSCY_15UNITS,0.0
2025-06-22 18:44:59,75,CITRUSCY_15UNITS,0.0
2025-06-22 18:59:59,76,CITRUSCY_15UNITS,0.0
2025-06-22 19:14:59,77,CITRUSCY_15UNITS,0.0
2025-06-22 19:29:59,78,CITRUSCY_15UNITS,0.0
2025-06-22 19:44:59,79,CITRUSCY_15UNITS,0.0
2025-06-22 19:59:59,80,CITRUSCY_15UNITS,0.0
2025-06-22 20:14:59,81,CITRUSCY_15UNITS,0.0
2025-06-22 20:29:59,82,CITRUSCY_15UNITS,0.0
2025-06-22 20:44:59,83,CITRUSCY_15UNITS,0.0
2025-06-22 20:59:59,84,CITRUSCY_15UNITS,0.0
2025-06-22 21:14:59,85,CITRUSCY_15UNITS,0.0
2025-06-22 21:29:59,86,CITRUSCY_15UNITS,0.0
2025-06-22 21:44:59,87,CITRUSCY_15UNITS,0.0
2025-06-22 21:59:59,88,CITRUSCY_15UNITS,0.0
2025-06-22 22:14:59,89,CITRUSCY_15UNITS,0.0
2025-06-22 22:29:59,90,CITRUSCY_15UNITS,0.0
2025-06-22 22:44:59,91,CITRUSCY_15UNITS,0.0
2025-06-22 22:59:59,92,CITRUSCY_15UNITS,0.0
2025-06-22 23:14:59,93,CITRUSCY_15UNITS,0.0
2025-06-22 23:29:59,94,CITRUSCY_15UNITS,0.0
2025-06-22 23:44:59,95,CITRUSCY_15UNITS,0.0
2025-06-22 23:59:59,96,CITRUSCY_15UNITS,0.0
2025-06-23 00:14:59,1,CITRUSCY_15UNITS,0.0
2025-06-23 00:29:59,2,CITRUSCY_15UNITS,0.0
2025-06-23 00:44:59,3,CITRUSCY_15UNITS,0.0
2025-06-23 00:59:59,4,CITRUSCY_15UNITS,0.0
2025-06-23 01:14:59,5,CITRUSCY_15UNITS,0.0
2025-06-23 01:29:59,6,CITRUSCY_15UNITS,0.0
2025-06-23 01:44:59,7,CITRUSCY_15UNITS,0.0
2025-06-23 01:59:59,8,CITRUSCY_15UNITS,0.0
2025-06-23 02:14:59,9,CITRUSCY_15UNITS,0.0
2025-06-23 02:29:59,10,CITRUSCY_15UNITS,0.0
2025-06-23 02:44:59,11,CITRUSCY_15UNITS,0.0
2025-06-23 02:59:59,12,CITRUSCY_15UNITS,0.0
2025-06-23 03:14:59,13,CITRUSCY_15UNITS,0.0
2025-06-23 03:29:59,14,CITRUSCY_15UNITS,0.0
2025-06-23 03:44:59,15,CITRUSCY_15UNITS,0.0
2025-06-23 03:59:59,16,CITRUSCY_15UNITS,0.0
2025-06-23 04:14:59,17,CITRUSCY_15UNITS,0.0
2025-06-23 04:29:59,18,CITRUSCY_15UNITS,0.0
2025-06-23 04:44:59,19,CITRUSCY_15UNITS,0.0
2025-06-23 04:59:59,20,CITRUSCY_15UNITS,0.0
2025-06-23 05:14:59,21,CITRUSCY_15UNITS,0.0
2025-06-23 05:29:59,22,CITRUSCY_15UNITS,0.0
2025-06-23 05:44:59,23,CITRUSCY_15UNITS,0.0
2025-06-23 05:59:59,24,CITRUSCY_15UNITS,0.0
2025-06-23 06:14:59,25,CITRUSCY_15UNITS,0.0
2025-06-23 06:29:59,26,CITRUSCY_15UNITS,0.0
2025-06-23 06:44:59,27,CITRUSCY_15UNITS,0.0
2025-06-23 06:59:59,28,CITRUSCY_15UNITS,0.0
2025-06-23 07:14:59,29,CITRUSCY_15UNITS,0.0
2025-06-23 07:29:59,30,CITRUSCY_15UNITS,0.0
2025-06-23 07:44:59,31,CITRUSCY_15UNITS,0.0
2025-06-23 07:59:59,32,CITRUSCY_15UNITS,0.0
2025-06-23 08:14:59,33,CITRUSCY_15UNITS,0.0
2025-06-23 08:29:59,34,CITRUSCY_15UNITS,0.0
2025-06-23 08:44:59,35,CITRUSCY_15UNITS,0.0
2025-06-23 08:59:59,36,CITRUSCY_15UNITS,0.0
2025-06-23 09:14:59,37,CITRUSCY_15UNITS,0.0
2025-06-23 09:29:59,38,CITRUSCY_15UNITS,0.0
2025-06-23 09:44:59,39,CITRUSCY_15UNITS,0.0
2025-06-23 09:59:59,40,CITRUSCY_15UNITS,0.0
2025-06-23 10:14:59,41,CITRUSCY_15UNITS,0.0
2025-06-23 10:29:59,42,CITRUSCY_15UNITS,0.0
2025-06-23 10:44:59,43,CITRUSCY_15UNITS,0.0
2025-06-23 10:59:59,44,CITRUSCY_15UNITS,0.0
2025-06-23 11:14:59,45,CITRUSCY_15UNITS,0.0
2025-06-23 11:29:59,46,CITRUSCY_15UNITS,0.0
2025-06-23 11:44:59,47,CITRUSCY_15UNITS,0.0
2025-06-23 11:59:59,48,CITRUSCY_15UNITS,0.0
2025-06-23 12:14:59,49,CITRUSCY_15UNITS,0.0
2025-06-23 12:29:59,50,CITRUSCY_15UNITS,0.0
2025-06-23 12:44:59,51,CITRUSCY_15UNITS,0.0
2025-06-23 12:59:59,52,CITRUSCY_15UNITS,0.0
2025-06-23 13:14:59,53,CITRUSCY_15UNITS,0.0
2025-06-23 13:29:59,54,CITRUSCY_15UNITS,0.0
2025-06-23 13:44:59,55,CITRUSCY_15UNITS,0.0
2025-06-23 13:59:59,56,CITRUSCY_15UNITS,0.0
2025-06-23 14:14:59,57,CITRUSCY_15UNITS,0.0
2025-06-23 14:29:59,58,CITRUSCY_15UNITS,0.0
2025-06-23 14:44:59,59,CITRUSCY_15UNITS,0.0
2025-06-23 14:59:59,60,CITRUSCY_15UNITS,0.0
2025-06-23 15:14:59,61,CITRUSCY_15UNITS,0.0
2025-06-23 15:29:59,62,CITRUSCY_15UNITS,0.0
2025-06-23 15:44:59,63,CITRUSCY_15UNITS,0.0
2025-06-23 15:59:59,64,CITRUSCY_15UNITS,0.0
2025-06-23 16:14:59,65,CITRUSCY_15UNITS,0.0
2025-06-23 16:29:59,66,CITRUSCY_15UNITS,0.0
2025-06-23 16:44:59,67,CITRUSCY_15UNITS,0.0
2025-06-23 16:59:59,68,CITRUSCY_15UNITS,0.0
2025-06-23 17:14:59,69,CITRUSCY_15UNITS,0.0
2025-06-23 17:29:59,70,CITRUSCY_15UNITS,0.0
2025-06-23 17:44:59,71,CITRUSCY_15UNITS,0.0
2025-06-23 17:59:59,72,CITRUSCY_15UNITS,0.0
2025-06-23 18:14:59,73,CITRUSCY_15UNITS,0.0
2025-06-23 18:29:59,74,CITRUSCY_15UNITS,0.0
2025-06-23 18:44:59,75,CITRUSCY_15UNITS,0.0
2025-06-23 18:59:59,76,CITRUSCY_15UNITS,0.0
2025-06-23 19:14:59,77,CITRUSCY_15UNITS,0.0
2025-06-23 19:29:59,78,CITRUSCY_15UNITS,0.0
2025-06-23 19:44:59,79,CITRUSCY_15UNITS,0.0
2025-06-23 19:59:59,80,CITRUSCY_15UNITS,0.0
2025-06-23 20:14:59,81,CITRUSCY_15UNITS,0.0
2025-06-23 20:29:59,82,CITRUSCY_15UNITS,0.0
2025-06-23 20:44:59,83,CITRUSCY_15UNITS,0.0
2025-06-23 20:59:59,84,CITRUSCY_15UNITS,0.0
2025-06-23 21:14:59,85,CITRUSCY_15UNITS,0.0
2025-06-23 21:29:59,86,CITRUSCY_15UNITS,0.0
2025-06-23 21:44:59,87,CITRUSCY_15UNITS,0.0
2025-06-23 21:59:59,88,CITRUSCY_15UNITS,0.0
2025-06-23 22:14:59,89,CITRUSCY_15UNITS,0.0
2025-06-23 22:29:59,90,CITRUSCY_15UNITS,0.0
2025-06-23 22:44:59,91,CITRUSCY_15UNITS,0.0
2025-06-23 22:59:59,92,CITRUSCY_15UNITS,0.0
2025-06-23 23:14:59,93,CITRUSCY_15UNITS,0.0
2025-06-23 23:29:59,94,CITRUSCY_15UNITS,0.0
2025-06-23 23:44:59,95,CITRUSCY_15UNITS,0.0
2025-06-23 23:59:59,96,CITRUSCY_15UNITS,0.0
2025-06-24 00:14:59,1,CITRUSCY_15UNITS,0.0
2025-06-24 00:29:59,2,CITRUSCY_15UNITS,0.0
2025-06-24 00:44:59,3,CITRUSCY_15UNITS,0.0
2025-06-24 00:59:59,4,CITRUSCY_15UNITS,0.0
2025-06-24 01:14:59,5,CITRUSCY_15UNITS,0.0
2025-06-24 01:29:59,6,CITRUSCY_15UNITS,0.0
2025-06-24 01:44:59,7,CITRUSCY_15UNITS,0.0
2025-06-24 01:59:59,8,CITRUSCY_15UNITS,0.0
2025-06-24 02:14:59,9,CITRUSCY_15UNITS,0.0
2025-06-24 02:29:59,10,CITRUSCY_15UNITS,0.0
2025-06-24 02:44:59,11,CITRUSCY_15UNITS,0.0
2025-06-24 02:59:59,12,CITRUSCY_15UNITS,0.0
2025-06-24 03:14:59,13,CITRUSCY_15UNITS,0.0
2025-06-24 03:29:59,14,CITRUSCY_15UNITS,0.0
2025-06-24 03:44:59,15,CITRUSCY_15UNITS,0.0
2025-06-24 03:59:59,16,CITRUSCY_15UNITS,0.0
2025-06-24 04:14:59,17,CITRUSCY_15UNITS,0.0
2025-06-24 04:29:59,18,CITRUSCY_15UNITS,0.0
2025-06-24 04:44:59,19,CITRUSCY_15UNITS,0.0
2025-06-24 04:59:59,20,CITRUSCY_15UNITS,0.0
2025-06-24 05:14:59,21,CITRUSCY_15UNITS,0.0
2025-06-24 05:29:59,22,CITRUSCY_15UNITS,0.0
2025-06-24 05:44:59,23,CITRUSCY_15UNITS,0.0
2025-06-24 05:59:59,24,CITRUSCY_15UNITS,0.0
2025-06-24 06:14:59,25,CITRUSCY_15UNITS,0.0
2025-06-24 06:29:59,26,CITRUSCY_15UNITS,0.0
2025-06-24 06:44:59,27,CITRUSCY_15UNITS,0.0
2025-06-24 06:59:59,28,CITRUSCY_15UNITS,0.0
2025-06-24 07:14:59,29,CITRUSCY_15UNITS,0.0
2025-06-24 07:29:59,30,CITRUSCY_15UNITS,0.0
2025-06-24 07:44:59,31,CITRUSCY_15UNITS,0.0
2025-06-24 07:59:59,32,CITRUSCY_15UNITS,0.0
2025-06-24 08:14:59,33,CITRUSCY_15UNITS,0.0
2025-06-24 08:29:59,34,CITRUSCY_15UNITS,0.0
2025-06-24 08:44:59,35,CITRUSCY_15UNITS,0.0
2025-06-24 08:59:59,36,CITRUSCY_15UNITS,0.0
2025-06-24 09:14:59,37,CITRUSCY_15UNITS,0.0
2025-06-24 09:29:59,38,CITRUSCY_15UNITS,0.0
2025-06-24 09:44:59,39,CITRUSCY_15UNITS,0.0
2025-06-24 09:59:59,40,CITRUSCY_15UNITS,0.0
2025-06-24 10:14:59,41,CITRUSCY_15UNITS,0.0
2025-06-24 10:29:59,42,CITRUSCY_15UNITS,0.0
2025-06-24 10:44:59,43,CITRUSCY_15UNITS,0.0
2025-06-24 10:59:59,44,CITRUSCY_15UNITS,0.0
2025-06-24 11:14:59,45,CITRUSCY_15UNITS,0.0
2025-06-24 11:29:59,46,CITRUSCY_15UNITS,0.0
2025-06-24 11:44:59,47,CITRUSCY_15UNITS,0.0
2025-06-24 11:59:59,48,CITRUSCY_15UNITS,0.0
2025-06-24 12:14:59,49,CITRUSCY_15UNITS,0.0
2025-06-24 12:29:59,50,CITRUSCY_15UNITS,0.0
2025-06-24 12:44:59,51,CITRUSCY_15UNITS,0.0
2025-06-24 12:59:59,52,CITRUSCY_15UNITS,0.0
2025-06-24 13:14:59,53,CITRUSCY_15UNITS,0.0
2025-06-24 13:29:59,54,CITRUSCY_15UNITS,0.0
2025-06-24 13:44:59,55,CITRUSCY_15UNITS,0.0
2025-06-24 13:59:59,56,CITRUSCY_15UNITS,0.0
2025-06-24 14:14:59,57,CITRUSCY_15UNITS,0.0
2025-06-24 14:29:59,58,CITRUSCY_15UNITS,0.0
2025-06-24 14:44:59,59,CITRUSCY_15UNITS,0.0
2025-06-24 14:59:59,60,CITRUSCY_15UNITS,0.0
2025-06-24 15:14:59,61,CITRUSCY_15UNITS,0.0
2025-06-24 15:29:59,62,CITRUSCY_15UNITS,0.0
2025-06-24 15:44:59,63,CITRUSCY_15UNITS,0.0
2025-06-24 15:59:59,64,CITRUSCY_15UNITS,0.0
2025-06-24 16:14:59,65,CITRUSCY_15UNITS,0.0
2025-06-24 16:29:59,66,CITRUSCY_15UNITS,0.0
2025-06-24 16:44:59,67,CITRUSCY_15UNITS,0.0
2025-06-24 16:59:59,68,CITRUSCY_15UNITS,0.0
2025-06-24 17:14:59,69,CITRUSCY_15UNITS,0.0
2025-06-24 17:29:59,70,CITRUSCY_15UNITS,0.0
2025-06-24 17:44:59,71,CITRUSCY_15UNITS,0.0
2025-06-24 17:59:59,72,CITRUSCY_15UNITS,0.0
2025-06-24 18:14:59,73,CITRUSCY_15UNITS,0.0
2025-06-24 18:29:59,74,CITRUSCY_15UNITS,0.0
2025-06-24 18:44:59,75,CITRUSCY_15UNITS,0.0
2025-06-24 18:59:59,76,CITRUSCY_15UNITS,0.0
2025-06-24 19:14:59,77,CITRUSCY_15UNITS,0.0
2025-06-24 19:29:59,78,CITRUSCY_15UNITS,0.0
2025-06-24 19:44:59,79,CITRUSCY_15UNITS,0.0
2025-06-24 19:59:59,80,CITRUSCY_15UNITS,0.0
2025-06-24 20:14:59,81,CITRUSCY_15UNITS,0.0
2025-06-24 20:29:59,82,CITRUSCY_15UNITS,0.0
2025-06-24 20:44:59,83,CITRUSCY_15UNITS,0.0
2025-06-24 20:59:59,84,CITRUSCY_15UNITS,0.0
2025-06-24 21:14:59,85,CITRUSCY_15UNITS,0.0
2025-06-24 21:29:59,86,CITRUSCY_15UNITS,0.0
2025-06-24 21:44:59,87,CITRUSCY_15UNITS,0.0
2025-06-24 21:59:59,88,CITRUSCY_15UNITS,0.0
2025-06-24 22:14:59,89,CITRUSCY_15UNITS,0.0
2025-06-24 22:29:59,90,CITRUSCY_15UNITS,0.0
2025-06-24 22:44:59,91,CITRUSCY_15UNITS,0.0
2025-06-24 22:59:59,92,CITRUSCY_15UNITS,0.0
2025-06-24 23:14:59,93,CITRUSCY_15UNITS,0.0
2025-06-24 23:29:59,94,CITRUSCY_15UNITS,0.0
2025-06-24 23:44:59,95,CITRUSCY_15UNITS,0.0
2025-06-24 23:59:59,96,CITRUSCY_15UNITS,0.0
2025-06-25 00:14:59,1,CITRUSCY_15UNITS,0.0
2025-06-25 00:29:59,2,CITRUSCY_15UNITS,0.0
2025-06-25 00:44:59,3,CITRUSCY_15UNITS,0.0
2025-06-25 00:59:59,4,CITRUSCY_15UNITS,0.0
2025-06-25 01:14:59,5,CITRUSCY_15UNITS,0.0
2025-06-25 01:29:59,6,CITRUSCY_15UNITS,0.0
2025-06-25 01:44:59,7,CITRUSCY_15UNITS,0.0
2025-06-25 01:59:59,8,CITRUSCY_15UNITS,0.0
2025-06-25 02:14:59,9,CITRUSCY_15UNITS,0.0
2025-06-25 02:29:59,10,CITRUSCY_15UNITS,0.0
2025-06-25 02:44:59,11,CITRUSCY_15UNITS,0.0
2025-06-25 02:59:59,12,CITRUSCY_15UNITS,0.0
2025-06-25 03:14:59,13,CITRUSCY_15UNITS,0.0
2025-06-25 03:29:59,14,CITRUSCY_15UNITS,0.0
2025-06-25 03:44:59,15,CITRUSCY_15UNITS,0.0
2025-06-25 03:59:59,16,CITRUSCY_15UNITS,0.0
2025-06-25 04:14:59,17,CITRUSCY_15UNITS,0.0
2025-06-25 04:29:59,18,CITRUSCY_15UNITS,0.0
2025-06-25 04:44:59,19,CITRUSCY_15UNITS,0.0
2025-06-25 04:59:59,20,CITRUSCY_15UNITS,0.0
2025-06-25 05:14:59,21,CITRUSCY_15UNITS,0.0
2025-06-25 05:29:59,22,CITRUSCY_15UNITS,0.0
2025-06-25 05:44:59,23,CITRUSCY_15UNITS,0.0
2025-06-25 05:59:59,24,CITRUSCY_15UNITS,0.0
2025-06-25 06:14:59,25,CITRUSCY_15UNITS,0.0
2025-06-25 06:29:59,26,CITRUSCY_15UNITS,0.0
2025-06-25 06:44:59,27,CITRUSCY_15UNITS,0.0
2025-06-25 06:59:59,28,CITRUSCY_15UNITS,0.0
2025-06-25 07:14:59,29,CITRUSCY_15UNITS,0.0
2025-06-25 07:29:59,30,CITRUSCY_15UNITS,0.0
2025-06-25 07:44:59,31,CITRUSCY_15UNITS,0.0
2025-06-25 07:59:59,32,CITRUSCY_15UNITS,0.0
2025-06-25 08:14:59,33,CITRUSCY_15UNITS,0.0
2025-06-25 08:29:59,34,CITRUSCY_15UNITS,0.0
2025-06-25 08:44:59,35,CITRUSCY_15UNITS,0.0
2025-06-25 08:59:59,36,CITRUSCY_15UNITS,0.0
2025-06-25 09:14:59,37,CITRUSCY_15UNITS,0.0
2025-06-25 09:29:59,38,CITRUSCY_15UNITS,0.0
2025-06-25 09:44:59,39,CITRUSCY_15UNITS,0.0
2025-06-25 09:59:59,40,CITRUSCY_15UNITS,0.0
2025-06-25 10:14:59,41,CITRUSCY_15UNITS,0.0
2025-06-25 10:29:59,42,CITRUSCY_15UNITS,0.0
2025-06-25 10:44:59,43,CITRUSCY_15UNITS,0.0
2025-06-25 10:59:59,44,CITRUSCY_15UNITS,0.0
2025-06-25 11:14:59,45,CITRUSCY_15UNITS,0.0
2025-06-25 11:29:59,46,CITRUSCY_15UNITS,0.0
2025-06-25 11:44:59,47,CITRUSCY_15UNITS,0.0
2025-06-25 11:59:59,48,CITRUSCY_15UNITS,0.0
2025-06-25 12:14:59,49,CITRUSCY_15UNITS,0.0
2025-06-25 12:29:59,50,CITRUSCY_15UNITS,0.0
2025-06-25 12:44:59,51,CITRUSCY_15UNITS,0.0
2025-06-25 12:59:59,52,CITRUSCY_15UNITS,0.0
2025-06-25 13:14:59,53,CITRUSCY_15UNITS,0.0
2025-06-25 13:29:59,54,CITRUSCY_15UNITS,0.0
2025-06-25 13:44:59,55,CITRUSCY_15UNITS,0.0
2025-06-25 13:59:59,56,CITRUSCY_15UNITS,0.0
2025-06-25 14:14:59,57,CITRUSCY_15UNITS,0.0
2025-06-25 14:29:59,58,CITRUSCY_15UNITS,0.0
2025-06-25 14:44:59,59,CITRUSCY_15UNITS,0.0
2025-06-25 14:59:59,60,CITRUSCY_15UNITS,0.0
2025-06-25 15:14:59,61,CITRUSCY_15UNITS,0.0
2025-06-25 15:29:59,62,CITRUSCY_15UNITS,0.0
2025-06-25 15:44:59,63,CITRUSCY_15UNITS,0.0
2025-06-25 15:59:59,64,CITRUSCY_15UNITS,0.0
2025-06-25 16:14:59,65,CITRUSCY_15UNITS,0.0
2025-06-25 16:29:59,66,CITRUSCY_15UNITS,0.0
2025-06-25 16:44:59,67,CITRUSCY_15UNITS,0.0
2025-06-25 16:59:59,68,CITRUSCY_15UNITS,0.0
2025-06-25 17:14:59,69,CITRUSCY_15UNITS,0.0
2025-06-25 17:29:59,70,CITRUSCY_15UNITS,0.0
2025-06-25 17:44:59,71,CITRUSCY_15UNITS,0.0
2025-06-25 17:59:59,72,CITRUSCY_15UNITS,0.0
2025-06-25 18:14:59,73,CITRUSCY_15UNITS,0.0
2025-06-25 18:29:59,74,CITRUSCY_15UNITS,0.0
2025-06-25 18:44:59,75,CITRUSCY_15UNITS,0.0
2025-06-25 18:59:59,76,CITRUSCY_15UNITS,0.0
2025-06-25 19:14:59,77,CITRUSCY_15UNITS,0.0
2025-06-25 19:29:59,78,CITRUSCY_15UNITS,0.0
2025-06-25 19:44:59,79,CITRUSCY_15UNITS,0.0
2025-06-25 19:59:59,80,CITRUSCY_15UNITS,0.0
2025-06-25 20:14:59,81,CITRUSCY_15UNITS,0.0
2025-06-25 20:29:59,82,CITRUSCY_15UNITS,0.0
2025-06-25 20:44:59,83,CITRUSCY_15UNITS,0.0
2025-06-25 20:59:59,84,CITRUSCY_15UNITS,0.0
2025-06-25 21:14:59,85,CITRUSCY_15UNITS,0.0
2025-06-25 21:29:59,86,CITRUSCY_15UNITS,0.0
2025-06-25 21:44:59,87,CITRUSCY_15UNITS,0.0
2025-06-25 21:59:59,88,CITRUSCY_15UNITS,0.0
2025-06-25 22:14:59,89,CITRUSCY_15UNITS,0.0
2025-06-25 22:29:59,90,CITRUSCY_15UNITS,0.0
2025-06-25 22:44:59,91,CITRUSCY_15UNITS,0.0
2025-06-25 22:59:59,92,CITRUSCY_15UNITS,0.0
2025-06-25 23:14:59,93,CITRUSCY_15UNITS,0.0
2025-06-25 23:29:59,94,CITRUSCY_15UNITS,0.0
2025-06-25 23:44:59,95,CITRUSCY_15UNITS,0.0
2025-06-25 23:59:59,96,CITRUSCY_15UNITS,0.0
2025-06-26 00:14:59,1,CITRUSCY_15UNITS,0.0
2025-06-26 00:29:59,2,CITRUSCY_15UNITS,0.0
2025-06-26 00:44:59,3,CITRUSCY_15UNITS,0.0
2025-06-26 00:59:59,4,CITRUSCY_15UNITS,0.0
2025-06-26 01:14:59,5,CITRUSCY_15UNITS,0.0
2025-06-26 01:29:59,6,CITRUSCY_15UNITS,0.0
2025-06-26 01:44:59,7,CITRUSCY_15UNITS,0.0
2025-06-26 01:59:59,8,CITRUSCY_15UNITS,0.0
2025-06-26 02:14:59,9,CITRUSCY_15UNITS,0.0
2025-06-26 02:29:59,10,CITRUSCY_15UNITS,0.0
2025-06-26 02:44:59,11,CITRUSCY_15UNITS,0.0
2025-06-26 02:59:59,12,CITRUSCY_15UNITS,0.0
2025-06-26 03:14:59,13,CITRUSCY_15UNITS,0.0
2025-06-26 03:29:59,14,CITRUSCY_15UNITS,0.0
2025-06-26 03:44:59,15,CITRUSCY_15UNITS,0.0
2025-06-26 03:59:59,16,CITRUSCY_15UNITS,0.0
2025-06-26 04:14:59,17,CITRUSCY_15UNITS,0.0
2025-06-26 04:29:59,18,CITRUSCY_15UNITS,0.0
2025-06-26 04:44:59,19,CITRUSCY_15UNITS,0.0
2025-06-26 04:59:59,20,CITRUSCY_15UNITS,0.0
2025-06-26 05:14:59,21,CITRUSCY_15UNITS,0.0
2025-06-26 05:29:59,22,CITRUSCY_15UNITS,0.0
2025-06-26 05:44:59,23,CITRUSCY_15UNITS,0.0
2025-06-26 05:59:59,24,CITRUSCY_15UNITS,0.0
2025-06-26 06:14:59,25,CITRUSCY_15UNITS,0.0
2025-06-26 06:29:59,26,CITRUSCY_15UNITS,0.0
2025-06-26 06:44:59,27,CITRUSCY_15UNITS,0.0
2025-06-26 06:59:59,28,CITRUSCY_15UNITS,0.0
2025-06-26 07:14:59,29,CITRUSCY_15UNITS,0.0
2025-06-26 07:29:59,30,CITRUSCY_15UNITS,0.0
2025-06-26 07:44:59,31,CITRUSCY_15UNITS,0.0
2025-06-26 07:59:59,32,CITRUSCY_15UNITS,0.0
2025-06-26 08:14:59,33,CITRUSCY_15UNITS,0.0
2025-06-26 08:29:59,34,CITRUSCY_15UNITS,0.0
2025-06-26 08:44:59,35,CITRUSCY_15UNITS,0.0
2025-06-26 08:59:59,36,CITRUSCY_15UNITS,0.0
2025-06-26 09:14:59,37,CITRUSCY_15UNITS,0.0
2025-06-26 09:29:59,38,CITRUSCY_15UNITS,0.0
2025-06-26 09:44:59,39,CITRUSCY_15UNITS,0.0
2025-06-26 09:59:59,40,CITRUSCY_15UNITS,0.0
2025-06-26 10:14:59,41,CITRUSCY_15UNITS,0.0
2025-06-26 10:29:59,42,CITRUSCY_15UNITS,0.01584
2025-06-26 10:44:59,43,CITRUSCY_15UNITS,0.00288
2025-06-26 10:59:59,44,CITRUSCY_15UNITS,0.0
2025-06-26 11:14:59,45,CITRUSCY_15UNITS,0.0
2025-06-26 11:29:59,46,CITRUSCY_15UNITS,0.0
2025-06-26 11:44:59,47,CITRUSCY_15UNITS,0.0
2025-06-26 11:59:59,48,CITRUSCY_15UNITS,0.0
2025-06-26 12:14:59,49,CITRUSCY_15UNITS,0.0
2025-06-26 12:29:59,50,CITRUSCY_15UNITS,0.0
2025-06-26 12:44:59,51,CITRUSCY_15UNITS,0.0
2025-06-26 12:59:59,52,CITRUSCY_15UNITS,0.0
2025-06-26 13:14:59,53,CITRUSCY_15UNITS,0.0
2025-06-26 13:29:59,54,CITRUSCY_15UNITS,0.0
2025-06-26 13:44:59,55,CITRUSCY_15UNITS,0.0
2025-06-26 13:59:59,56,CITRUSCY_15UNITS,0.0
2025-06-26 14:14:59,57,CITRUSCY_15UNITS,0.0
2025-06-26 14:29:59,58,CITRUSCY_15UNITS,0.0
2025-06-26 14:44:59,59,CITRUSCY_15UNITS,0.0
2025-06-26 14:59:59,60,CITRUSCY_15UNITS,0.0
2025-06-26 15:14:59,61,CITRUSCY_15UNITS,0.0
2025-06-26 15:29:59,62,CITRUSCY_15UNITS,0.0
2025-06-26 15:44:59,63,CITRUSCY_15UNITS,0.0
2025-06-26 15:59:59,64,CITRUSCY_15UNITS,0.0
2025-06-26 16:14:59,65,CITRUSCY_15UNITS,0.0
2025-06-26 16:29:59,66,CITRUSCY_15UNITS,0.0
2025-06-26 16:44:59,67,CITRUSCY_15UNITS,0.0
2025-06-26 16:59:59,68,CITRUSCY_15UNITS,0.0
2025-06-26 17:14:59,69,CITRUSCY_15UNITS,0.0
2025-06-26 17:29:59,70,CITRUSCY_15UNITS,0.0
2025-06-26 17:44:59,71,CITRUSCY_15UNITS,0.0
2025-06-26 17:59:59,72,CITRUSCY_15UNITS,0.0
2025-06-26 18:14:59,73,CITRUSCY_15UNITS,0.0
2025-06-26 18:29:59,74,CITRUSCY_15UNITS,0.0
2025-06-26 18:44:59,75,CITRUSCY_15UNITS,0.0
2025-06-26 18:59:59,76,CITRUSCY_15UNITS,0.0
2025-06-26 19:14:59,77,CITRUSCY_15UNITS,0.0
2025-06-26 19:29:59,78,CITRUSCY_15UNITS,0.0
2025-06-26 19:44:59,79,CITRUSCY_15UNITS,0.0
2025-06-26 19:59:59,80,CITRUSCY_15UNITS,0.0
2025-06-26 20:14:59,81,CITRUSCY_15UNITS,0.0
2025-06-26 20:29:59,82,CITRUSCY_15UNITS,0.0
2025-06-26 20:44:59,83,CITRUSCY_15UNITS,0.0
2025-06-26 20:59:59,84,CITRUSCY_15UNITS,0.0
2025-06-26 21:14:59,85,CITRUSCY_15UNITS,0.0
2025-06-26 21:29:59,86,CITRUSCY_15UNITS,0.0
2025-06-26 21:44:59,87,CITRUSCY_15UNITS,0.0
2025-06-26 21:59:59,88,CITRUSCY_15UNITS,0.0
2025-06-26 22:14:59,89,CITRUSCY_15UNITS,0.0
2025-06-26 22:29:59,90,CITRUSCY_15UNITS,0.0
2025-06-26 22:44:59,91,CITRUSCY_15UNITS,0.0
2025-06-26 22:59:59,92,CITRUSCY_15UNITS,0.0
2025-06-26 23:14:59,93,CITRUSCY_15UNITS,0.0
2025-06-26 23:29:59,94,CITRUSCY_15UNITS,0.0
2025-06-26 23:44:59,95,CITRUSCY_15UNITS,0.0
2025-06-26 23:59:59,96,CITRUSCY_15UNITS,0.0
2025-06-27 00:14:59,1,CITRUSCY_15UNITS,0.0
2025-06-27 00:29:59,2,CITRUSCY_15UNITS,0.0
2025-06-27 00:44:59,3,CITRUSCY_15UNITS,0.0
2025-06-27 00:59:59,4,CITRUSCY_15UNITS,0.0
2025-06-27 01:14:59,5,CITRUSCY_15UNITS,0.0
2025-06-27 01:29:59,6,CITRUSCY_15UNITS,0.0
2025-06-27 01:44:59,7,CITRUSCY_15UNITS,0.0
2025-06-27 01:59:59,8,CITRUSCY_15UNITS,0.0
2025-06-27 02:14:59,9,CITRUSCY_15UNITS,0.0
2025-06-27 02:29:59,10,CITRUSCY_15UNITS,0.0
2025-06-27 02:44:59,11,CITRUSCY_15UNITS,0.0
2025-06-27 02:59:59,12,CITRUSCY_15UNITS,0.0
2025-06-27 03:14:59,13,CITRUSCY_15UNITS,0.0
2025-06-27 03:29:59,14,CITRUSCY_15UNITS,0.0
2025-06-27 03:44:59,15,CITRUSCY_15UNITS,0.0
2025-06-27 03:59:59,16,CITRUSCY_15UNITS,0.0
2025-06-27 04:14:59,17,CITRUSCY_15UNITS,0.0
2025-06-27 04:29:59,18,CITRUSCY_15UNITS,0.0
2025-06-27 04:44:59,19,CITRUSCY_15UNITS,0.0
2025-06-27 04:59:59,20,CITRUSCY_15UNITS,0.0
2025-06-27 05:14:59,21,CITRUSCY_15UNITS,0.0
2025-06-27 05:29:59,22,CITRUSCY_15UNITS,0.0
2025-06-27 05:44:59,23,CITRUSCY_15UNITS,0.0
2025-06-27 05:59:59,24,CITRUSCY_15UNITS,0.0
2025-06-27 06:14:59,25,CITRUSCY_15UNITS,0.0
2025-06-27 06:29:59,26,CITRUSCY_15UNITS,0.0
2025-06-27 06:44:59,27,CITRUSCY_15UNITS,0.0
2025-06-27 06:59:59,28,CITRUSCY_15UNITS,0.0
2025-06-27 07:14:59,29,CITRUSCY_15UNITS,0.0
2025-06-27 07:29:59,30,CITRUSCY_15UNITS,0.0
2025-06-27 07:44:59,31,CITRUSCY_15UNITS,0.0
2025-06-27 07:59:59,32,CITRUSCY_15UNITS,0.0
2025-06-27 08:14:59,33,CITRUSCY_15UNITS,0.0
2025-06-27 08:29:59,34,CITRUSCY_15UNITS,0.0
2025-06-27 08:44:59,35,CITRUSCY_15UNITS,0.0
2025-06-27 08:59:59,36,CITRUSCY_15UNITS,0.0
2025-06-27 09:14:59,37,CITRUSCY_15UNITS,0.0
2025-06-27 09:29:59,38,CITRUSCY_15UNITS,0.0
2025-06-27 09:44:59,39,CITRUSCY_15UNITS,0.0
2025-06-27 09:59:59,40,CITRUSCY_15UNITS,0.0
2025-06-27 10:14:59,41,CITRUSCY_15UNITS,0.0
2025-06-27 10:29:59,42,CITRUSCY_15UNITS,0.0
2025-06-27 10:44:59,43,CITRUSCY_15UNITS,0.0
2025-06-27 10:59:59,44,CITRUSCY_15UNITS,0.0
2025-06-27 11:14:59,45,CITRUSCY_15UNITS,0.0
2025-06-27 11:29:59,46,CITRUSCY_15UNITS,0.0
2025-06-27 11:44:59,47,CITRUSCY_15UNITS,0.0
2025-06-27 11:59:59,48,CITRUSCY_15UNITS,0.0
2025-06-27 12:14:59,49,CITRUSCY_15UNITS,0.0
2025-06-27 12:29:59,50,CITRUSCY_15UNITS,0.0
2025-06-27 12:44:59,51,CITRUSCY_15UNITS,0.0
2025-06-27 12:59:59,52,CITRUSCY_15UNITS,0.0
2025-06-27 13:14:59,53,CITRUSCY_15UNITS,0.0
2025-06-27 13:29:59,54,CITRUSCY_15UNITS,0.0
2025-06-27 13:44:59,55,CITRUSCY_15UNITS,0.0
2025-06-27 13:59:59,56,CITRUSCY_15UNITS,0.0
2025-06-27 14:14:59,57,CITRUSCY_15UNITS,0.0
2025-06-27 14:29:59,58,CITRUSCY_15UNITS,0.0
2025-06-27 14:44:59,59,CITRUSCY_15UNITS,0.0
2025-06-27 14:59:59,60,CITRUSCY_15UNITS,0.0
2025-06-27 15:14:59,61,CITRUSCY_15UNITS,0.0
2025-06-27 15:29:59,62,CITRUSCY_15UNITS,0.0
2025-06-27 15:44:59,63,CITRUSCY_15UNITS,0.0
2025-06-27 15:59:59,64,CITRUSCY_15UNITS,0.0
2025-06-27 16:14:59,65,CITRUSCY_15UNITS,0.0
2025-06-27 16:29:59,66,CITRUSCY_15UNITS,0.0
2025-06-27 16:44:59,67,CITRUSCY_15UNITS,0.0
2025-06-27 16:59:59,68,CITRUSCY_15UNITS,0.0
2025-06-27 17:14:59,69,CITRUSCY_15UNITS,0.0
2025-06-27 17:29:59,70,CITRUSCY_15UNITS,0.0
2025-06-27 17:44:59,71,CITRUSCY_15UNITS,0.0
2025-06-27 17:59:59,72,CITRUSCY_15UNITS,0.0
2025-06-27 18:14:59,73,CITRUSCY_15UNITS,0.0
2025-06-27 18:29:59,74,CITRUSCY_15UNITS,0.0
2025-06-27 18:44:59,75,CITRUSCY_15UNITS,0.0
2025-06-27 18:59:59,76,CITRUSCY_15UNITS,0.0
2025-06-27 19:14:59,77,CITRUSCY_15UNITS,0.0
2025-06-27 19:29:59,78,CITRUSCY_15UNITS,0.0
2025-06-27 19:44:59,79,CITRUSCY_15UNITS,0.0
2025-06-27 19:59:59,80,CITRUSCY_15UNITS,0.0
2025-06-27 20:14:59,81,CITRUSCY_15UNITS,0.0
2025-06-27 20:29:59,82,CITRUSCY_15UNITS,0.0
2025-06-27 20:44:59,83,CITRUSCY_15UNITS,0.0
2025-06-27 20:59:59,84,CITRUSCY_15UNITS,0.0
2025-06-27 21:14:59,85,CITRUSCY_15UNITS,0.0
2025-06-27 21:29:59,86,CITRUSCY_15UNITS,0.0
2025-06-27 21:44:59,87,CITRUSCY_15UNITS,0.0
2025-06-27 21:59:59,88,CITRUSCY_15UNITS,0.0
2025-06-27 22:14:59,89,CITRUSCY_15UNITS,0.0
2025-06-27 22:29:59,90,CITRUSCY_15UNITS,0.0
2025-06-27 22:44:59,91,CITRUSCY_15UNITS,0.0
2025-06-27 22:59:59,92,CITRUSCY_15UNITS,0.0
2025-06-27 23:14:59,93,CITRUSCY_15UNITS,0.0
2025-06-27 23:29:59,94,CITRUSCY_15UNITS,0.0
2025-06-27 23:44:59,95,CITRUSCY_15UNITS,0.0
2025-06-27 23:59:59,96,CITRUSCY_15UNITS,0.0
2025-06-28 00:14:59,1,CITRUSCY_15UNITS,0.0
2025-06-28 00:29:59,2,CITRUSCY_15UNITS,0.0
2025-06-28 00:44:59,3,CITRUSCY_15UNITS,0.0
2025-06-28 00:59:59,4,CITRUSCY_15UNITS,0.0
2025-06-28 01:14:59,5,CITRUSCY_15UNITS,0.0
2025-06-28 01:29:59,6,CITRUSCY_15UNITS,0.0
2025-06-28 01:44:59,7,CITRUSCY_15UNITS,0.0
2025-06-28 01:59:59,8,CITRUSCY_15UNITS,0.0
2025-06-28 02:14:59,9,CITRUSCY_15UNITS,0.0
2025-06-28 02:29:59,10,CITRUSCY_15UNITS,0.0
2025-06-28 02:44:59,11,CITRUSCY_15UNITS,0.0
2025-06-28 02:59:59,12,CITRUSCY_15UNITS,0.0
2025-06-28 03:14:59,13,CITRUSCY_15UNITS,0.0
2025-06-28 03:29:59,14,CITRUSCY_15UNITS,0.0
2025-06-28 03:44:59,15,CITRUSCY_15UNITS,0.0
2025-06-28 03:59:59,16,CITRUSCY_15UNITS,0.0
2025-06-28 04:14:59,17,CITRUSCY_15UNITS,0.0
2025-06-28 04:29:59,18,CITRUSCY_15UNITS,0.0
2025-06-28 04:44:59,19,CITRUSCY_15UNITS,0.0
2025-06-28 04:59:59,20,CITRUSCY_15UNITS,0.0
2025-06-28 05:14:59,21,CITRUSCY_15UNITS,0.0
2025-06-28 05:29:59,22,CITRUSCY_15UNITS,0.0
2025-06-28 05:44:59,23,CITRUSCY_15UNITS,0.0
2025-06-28 05:59:59,24,CITRUSCY_15UNITS,0.0
2025-06-28 06:14:59,25,CITRUSCY_15UNITS,0.0
2025-06-28 06:29:59,26,CITRUSCY_15UNITS,0.0
2025-06-28 06:44:59,27,CITRUSCY_15UNITS,0.0
2025-06-28 06:59:59,28,CITRUSCY_15UNITS,0.0
2025-06-28 07:14:59,29,CITRUSCY_15UNITS,0.0
2025-06-28 07:29:59,30,CITRUSCY_15UNITS,0.0
2025-06-28 07:44:59,31,CITRUSCY_15UNITS,0.0
2025-06-28 07:59:59,32,CITRUSCY_15UNITS,0.0
2025-06-28 08:14:59,33,CITRUSCY_15UNITS,0.0
2025-06-28 08:29:59,34,CITRUSCY_15UNITS,0.0
2025-06-28 08:44:59,35,CITRUSCY_15UNITS,0.0
2025-06-28 08:59:59,36,CITRUSCY_15UNITS,0.0
2025-06-28 09:14:59,37,CITRUSCY_15UNITS,0.0
2025-06-28 09:29:59,38,CITRUSCY_15UNITS,0.0
2025-06-28 09:44:59,39,CITRUSCY_15UNITS,0.0
2025-06-28 09:59:59,40,CITRUSCY_15UNITS,0.0
2025-06-28 10:14:59,41,CITRUSCY_15UNITS,0.0
2025-06-28 10:29:59,42,CITRUSCY_15UNITS,0.0
2025-06-28 10:44:59,43,CITRUSCY_15UNITS,0.0
2025-06-28 10:59:59,44,CITRUSCY_15UNITS,0.0
2025-06-28 11:14:59,45,CITRUSCY_15UNITS,0.0
2025-06-28 11:29:59,46,CITRUSCY_15UNITS,0.0
2025-06-28 11:44:59,47,CITRUSCY_15UNITS,0.0
2025-06-28 11:59:59,48,CITRUSCY_15UNITS,0.0
2025-06-28 12:14:59,49,CITRUSCY_15UNITS,0.0
2025-06-28 12:29:59,50,CITRUSCY_15UNITS,0.0
2025-06-28 12:44:59,51,CITRUSCY_15UNITS,0.0
2025-06-28 12:59:59,52,CITRUSCY_15UNITS,0.0
2025-06-28 13:14:59,53,CITRUSCY_15UNITS,0.0
2025-06-28 13:29:59,54,CITRUSCY_15UNITS,0.0
2025-06-28 13:44:59,55,CITRUSCY_15UNITS,0.0
2025-06-28 13:59:59,56,CITRUSCY_15UNITS,0.0
2025-06-28 14:14:59,57,CITRUSCY_15UNITS,0.0
2025-06-28 14:29:59,58,CITRUSCY_15UNITS,0.0
2025-06-28 14:44:59,59,CITRUSCY_15UNITS,0.0
2025-06-28 14:59:59,60,CITRUSCY_15UNITS,0.0
2025-06-28 15:14:59,61,CITRUSCY_15UNITS,0.0
2025-06-28 15:29:59,62,CITRUSCY_15UNITS,0.0
2025-06-28 15:44:59,63,CITRUSCY_15UNITS,0.0
2025-06-28 15:59:59,64,CITRUSCY_15UNITS,0.0
2025-06-28 16:14:59,65,CITRUSCY_15UNITS,0.0
2025-06-28 16:29:59,66,CITRUSCY_15UNITS,0.0
2025-06-28 16:44:59,67,CITRUSCY_15UNITS,0.0
2025-06-28 16:59:59,68,CITRUSCY_15UNITS,0.0
2025-06-28 17:14:59,69,CITRUSCY_15UNITS,0.0
2025-06-28 17:29:59,70,CITRUSCY_15UNITS,0.0
2025-06-28 17:44:59,71,CITRUSCY_15UNITS,0.0
2025-06-28 17:59:59,72,CITRUSCY_15UNITS,0.0
2025-06-28 18:14:59,73,CITRUSCY_15UNITS,0.0
2025-06-28 18:29:59,74,CITRUSCY_15UNITS,0.0
2025-06-28 18:44:59,75,CITRUSCY_15UNITS,0.0
2025-06-28 18:59:59,76,CITRUSCY_15UNITS,0.0
2025-06-28 19:14:59,77,CITRUSCY_15UNITS,0.0
2025-06-28 19:29:59,78,CITRUSCY_15UNITS,0.0
2025-06-28 19:44:59,79,CITRUSCY_15UNITS,0.0
2025-06-28 19:59:59,80,CITRUSCY_15UNITS,0.0
2025-06-28 20:14:59,81,CITRUSCY_15UNITS,0.0
2025-06-28 20:29:59,82,CITRUSCY_15UNITS,0.0
2025-06-28 20:44:59,83,CITRUSCY_15UNITS,0.0
2025-06-28 20:59:59,84,CITRUSCY_15UNITS,0.0
2025-06-28 21:14:59,85,CITRUSCY_15UNITS,0.0
2025-06-28 21:29:59,86,CITRUSCY_15UNITS,0.0
2025-06-28 21:44:59,87,CITRUSCY_15UNITS,0.0
2025-06-28 21:59:59,88,CITRUSCY_15UNITS,0.0
2025-06-28 22:14:59,89,CITRUSCY_15UNITS,0.0
2025-06-28 22:29:59,90,CITRUSCY_15UNITS,0.0
2025-06-28 22:44:59,91,CITRUSCY_15UNITS,0.0
2025-06-28 22:59:59,92,CITRUSCY_15UNITS,0.0
2025-06-28 23:14:59,93,CITRUSCY_15UNITS,0.0
2025-06-28 23:29:59,94,CITRUSCY_15UNITS,0.0
2025-06-28 23:44:59,95,CITRUSCY_15UNITS,0.0
2025-06-28 23:59:59,96,CITRUSCY_15UNITS,0.0
2025-06-29 00:14:59,1,CITRUSCY_15UNITS,0.0
2025-06-29 00:29:59,2,CITRUSCY_15UNITS,0.0
2025-06-29 00:44:59,3,CITRUSCY_15UNITS,0.0
2025-06-29 00:59:59,4,CITRUSCY_15UNITS,0.0
2025-06-29 01:14:59,5,CITRUSCY_15UNITS,0.0
2025-06-29 01:29:59,6,CITRUSCY_15UNITS,0.0
2025-06-29 01:44:59,7,CITRUSCY_15UNITS,0.0
2025-06-29 01:59:59,8,CITRUSCY_15UNITS,0.0
2025-06-29 02:14:59,9,CITRUSCY_15UNITS,0.0
2025-06-29 02:29:59,10,CITRUSCY_15UNITS,0.0
2025-06-29 02:44:59,11,CITRUSCY_15UNITS,0.0
2025-06-29 02:59:59,12,CITRUSCY_15UNITS,0.0
2025-06-29 03:14:59,13,CITRUSCY_15UNITS,0.0
2025-06-29 03:29:59,14,CITRUSCY_15UNITS,0.0
2025-06-29 03:44:59,15,CITRUSCY_15UNITS,0.0
2025-06-29 03:59:59,16,CITRUSCY_15UNITS,0.0
2025-06-29 04:14:59,17,CITRUSCY_15UNITS,0.0
2025-06-29 04:29:59,18,CITRUSCY_15UNITS,0.0
2025-06-29 04:44:59,19,CITRUSCY_15UNITS,0.0
2025-06-29 04:59:59,20,CITRUSCY_15UNITS,0.0
2025-06-29 05:14:59,21,CITRUSCY_15UNITS,0.0
2025-06-29 05:29:59,22,CITRUSCY_15UNITS,0.0
2025-06-29 05:44:59,23,CITRUSCY_15UNITS,0.0
2025-06-29 05:59:59,24,CITRUSCY_15UNITS,0.0
2025-06-29 06:14:59,25,CITRUSCY_15UNITS,0.0
2025-06-29 06:29:59,26,CITRUSCY_15UNITS,0.0
2025-06-29 06:44:59,27,CITRUSCY_15UNITS,0.0
2025-06-29 06:59:59,28,CITRUSCY_15UNITS,0.0
2025-06-29 07:14:59,29,CITRUSCY_15UNITS,0.0
2025-06-29 07:29:59,30,CITRUSCY_15UNITS,0.0
2025-06-29 07:44:59,31,CITRUSCY_15UNITS,0.0
2025-06-29 07:59:59,32,CITRUSCY_15UNITS,0.0
2025-06-29 08:14:59,33,CITRUSCY_15UNITS,0.0
2025-06-29 08:29:59,34,CITRUSCY_15UNITS,0.0
2025-06-29 08:44:59,35,CITRUSCY_15UNITS,0.0
2025-06-29 08:59:59,36,CITRUSCY_15UNITS,0.0
2025-06-29 09:14:59,37,CITRUSCY_15UNITS,0.0
2025-06-29 09:29:59,38,CITRUSCY_15UNITS,0.0
2025-06-29 09:44:59,39,CITRUSCY_15UNITS,0.0
2025-06-29 09:59:59,40,CITRUSCY_15UNITS,0.0
2025-06-29 10:14:59,41,CITRUSCY_15UNITS,0.0
2025-06-29 10:29:59,42,CITRUSCY_15UNITS,0.0
2025-06-29 10:44:59,43,CITRUSCY_15UNITS,0.0
2025-06-29 10:59:59,44,CITRUSCY_15UNITS,0.0
2025-06-29 11:14:59,45,CITRUSCY_15UNITS,0.0
2025-06-29 11:29:59,46,CITRUSCY_15UNITS,0.0
2025-06-29 11:44:59,47,CITRUSCY_15UNITS,0.0
2025-06-29 11:59:59,48,CITRUSCY_15UNITS,0.0
2025-06-29 12:14:59,49,CITRUSCY_15UNITS,0.0
2025-06-29 12:29:59,50,CITRUSCY_15UNITS,0.0
2025-06-29 12:44:59,51,CITRUSCY_15UNITS,0.0
2025-06-29 12:59:59,52,CITRUSCY_15UNITS,0.0
2025-06-29 13:14:59,53,CITRUSCY_15UNITS,0.0
2025-06-29 13:29:59,54,CITRUSCY_15UNITS,0.0
2025-06-29 13:44:59,55,CITRUSCY_15UNITS,0.0
2025-06-29 13:59:59,56,CITRUSCY_15UNITS,0.0
2025-06-29 14:14:59,57,CITRUSCY_15UNITS,0.0
2025-06-29 14:29:59,58,CITRUSCY_15UNITS,0.0
2025-06-29 14:44:59,59,CITRUSCY_15UNITS,0.0
2025-06-29 14:59:59,60,CITRUSCY_15UNITS,0.0
2025-06-29 15:14:59,61,CITRUSCY_15UNITS,0.0
2025-06-29 15:29:59,62,CITRUSCY_15UNITS,0.0
2025-06-29 15:44:59,63,CITRUSCY_15UNITS,0.0
2025-06-29 15:59:59,64,CITRUSCY_15UNITS,0.0
2025-06-29 16:14:59,65,CITRUSCY_15UNITS,0.0
2025-06-29 16:29:59,66,CITRUSCY_15UNITS,0.0
2025-06-29 16:44:59,67,CITRUSCY_15UNITS,0.0
2025-06-29 16:59:59,68,CITRUSCY_15UNITS,0.0
2025-06-29 17:14:59,69,CITRUSCY_15UNITS,0.0
2025-06-29 17:29:59,70,CITRUSCY_15UNITS,0.0
2025-06-29 17:44:59,71,CITRUSCY_15UNITS,0.0
2025-06-29 17:59:59,72,CITRUSCY_15UNITS,0.0
2025-06-29 18:14:59,73,CITRUSCY_15UNITS,0.0
2025-06-29 18:29:59,74,CITRUSCY_15UNITS,0.0
2025-06-29 18:44:59,75,CITRUSCY_15UNITS,0.0
2025-06-29 18:59:59,76,CITRUSCY_15UNITS,0.0
2025-06-29 19:14:59,77,CITRUSCY_15UNITS,0.0
2025-06-29 19:29:59,78,CITRUSCY_15UNITS,0.0
2025-06-29 19:44:59,79,CITRUSCY_15UNITS,0.0
2025-06-29 19:59:59,80,CITRUSCY_15UNITS,0.0
2025-06-29 20:14:59,81,CITRUSCY_15UNITS,0.0
2025-06-29 20:29:59,82,CITRUSCY_15UNITS,0.0
2025-06-29 20:44:59,83,CITRUSCY_15UNITS,0.0
2025-06-29 20:59:59,84,CITRUSCY_15UNITS,0.0
2025-06-29 21:14:59,85,CITRUSCY_15UNITS,0.0
2025-06-29 21:29:59,86,CITRUSCY_15UNITS,0.0
2025-06-29 21:44:59,87,CITRUSCY_15UNITS,0.0
2025-06-29 21:59:59,88,CITRUSCY_15UNITS,0.0
2025-06-29 22:14:59,89,CITRUSCY_15UNITS,0.0
2025-06-29 22:29:59,90,CITRUSCY_15UNITS,0.0
2025-06-29 22:44:59,91,CITRUSCY_15UNITS,0.0
2025-06-29 22:59:59,92,CITRUSCY_15UNITS,0.0
2025-06-29 23:14:59,93,CITRUSCY_15UNITS,0.0
2025-06-29 23:29:59,94,CITRUSCY_15UNITS,0.0
2025-06-29 23:44:59,95,CITRUSCY_15UNITS,0.0
2025-06-29 23:59:59,96,CITRUSCY_15UNITS,0.0
2025-06-30 00:14:59,1,CITRUSCY_15UNITS,0.0
2025-06-30 00:14:59,1,CITRUSCY_15UNITS,0.0
2025-06-30 00:14:59,1,CITRUSCY_15UNITS,0.0
2025-06-30 00:29:59,2,CITRUSCY_15UNITS,0.0
2025-06-30 00:29:59,2,CITRUSCY_15UNITS,0.0
2025-06-30 00:29:59,2,CITRUSCY_15UNITS,0.0
2025-06-30 00:44:59,3,CITRUSCY_15UNITS,0.0
2025-06-30 00:44:59,3,CITRUSCY_15UNITS,0.0
2025-06-30 00:44:59,3,CITRUSCY_15UNITS,0.0
2025-06-30 00:59:59,4,CITRUSCY_15UNITS,0.0
2025-06-30 00:59:59,4,CITRUSCY_15UNITS,0.0
2025-06-30 00:59:59,4,CITRUSCY_15UNITS,0.0
2025-06-30 01:14:59,5,CITRUSCY_15UNITS,0.0
2025-06-30 01:14:59,5,CITRUSCY_15UNITS,0.0
2025-06-30 01:14:59,5,CITRUSCY_15UNITS,0.0
2025-06-30 01:29:59,6,CITRUSCY_15UNITS,0.0
2025-06-30 01:29:59,6,CITRUSCY_15UNITS,0.0
2025-06-30 01:29:59,6,CITRUSCY_15UNITS,0.0
2025-06-30 01:44:59,7,CITRUSCY_15UNITS,0.0
2025-06-30 01:44:59,7,CITRUSCY_15UNITS,0.0
2025-06-30 01:44:59,7,CITRUSCY_15UNITS,0.0
2025-06-30 01:59:59,8,CITRUSCY_15UNITS,0.0
2025-06-30 01:59:59,8,CITRUSCY_15UNITS,0.0
2025-06-30 01:59:59,8,CITRUSCY_15UNITS,0.0
2025-06-30 02:14:59,9,CITRUSCY_15UNITS,0.0
2025-06-30 02:14:59,9,CITRUSCY_15UNITS,0.0
2025-06-30 02:14:59,9,CITRUSCY_15UNITS,0.0
2025-06-30 02:29:59,10,CITRUSCY_15UNITS,0.0
2025-06-30 02:29:59,10,CITRUSCY_15UNITS,0.0
2025-06-30 02:29:59,10,CITRUSCY_15UNITS,0.0
2025-06-30 02:44:59,11,CITRUSCY_15UNITS,0.0
2025-06-30 02:44:59,11,CITRUSCY_15UNITS,0.0
2025-06-30 02:44:59,11,CITRUSCY_15UNITS,0.0
2025-06-30 02:59:59,12,CITRUSCY_15UNITS,0.0
2025-06-30 02:59:59,12,CITRUSCY_15UNITS,0.0
2025-06-30 02:59:59,12,CITRUSCY_15UNITS,0.0
2025-06-30 03:14:59,13,CITRUSCY_15UNITS,0.0
2025-06-30 03:14:59,13,CITRUSCY_15UNITS,0.0
2025-06-30 03:14:59,13,CITRUSCY_15UNITS,0.0
2025-06-30 03:29:59,14,CITRUSCY_15UNITS,0.0
2025-06-30 03:29:59,14,CITRUSCY_15UNITS,0.0
2025-06-30 03:29:59,14,CITRUSCY_15UNITS,0.0
2025-06-30 03:44:59,15,CITRUSCY_15UNITS,0.0
2025-06-30 03:44:59,15,CITRUSCY_15UNITS,0.0
2025-06-30 03:44:59,15,CITRUSCY_15UNITS,0.0
2025-06-30 03:59:59,16,CITRUSCY_15UNITS,0.0
2025-06-30 03:59:59,16,CITRUSCY_15UNITS,0.0
2025-06-30 03:59:59,16,CITRUSCY_15UNITS,0.0
2025-06-30 04:14:59,17,CITRUSCY_15UNITS,0.0
2025-06-30 04:14:59,17,CITRUSCY_15UNITS,0.0
2025-06-30 04:14:59,17,CITRUSCY_15UNITS,0.0
2025-06-30 04:29:59,18,CITRUSCY_15UNITS,0.0
2025-06-30 04:29:59,18,CITRUSCY_15UNITS,0.0
2025-06-30 04:29:59,18,CITRUSCY_15UNITS,0.0
2025-06-30 04:44:59,19,CITRUSCY_15UNITS,0.0
2025-06-30 04:44:59,19,CITRUSCY_15UNITS,0.0
2025-06-30 04:44:59,19,CITRUSCY_15UNITS,0.0
2025-06-30 04:59:59,20,CITRUSCY_15UNITS,0.0
2025-06-30 04:59:59,20,CITRUSCY_15UNITS,0.0
2025-06-30 04:59:59,20,CITRUSCY_15UNITS,0.0
2025-06-30 05:14:59,21,CITRUSCY_15UNITS,0.0
2025-06-30 05:14:59,21,CITRUSCY_15UNITS,0.0
2025-06-30 05:14:59,21,CITRUSCY_15UNITS,0.0
2025-06-30 05:29:59,22,CITRUSCY_15UNITS,0.0
2025-06-30 05:29:59,22,CITRUSCY_15UNITS,0.0
2025-06-30 05:29:59,22,CITRUSCY_15UNITS,0.0
2025-06-30 05:44:59,23,CITRUSCY_15UNITS,0.0
2025-06-30 05:44:59,23,CITRUSCY_15UNITS,0.0
2025-06-30 05:44:59,23,CITRUSCY_15UNITS,0.0
2025-06-30 05:59:59,24,CITRUSCY_15UNITS,0.0
2025-06-30 05:59:59,24,CITRUSCY_15UNITS,0.0
2025-06-30 05:59:59,24,CITRUSCY_15UNITS,0.0
2025-06-30 06:14:59,25,CITRUSCY_15UNITS,0.0
2025-06-30 06:14:59,25,CITRUSCY_15UNITS,0.0
2025-06-30 06:14:59,25,CITRUSCY_15UNITS,0.0
2025-06-30 06:29:59,26,CITRUSCY_15UNITS,0.0
2025-06-30 06:29:59,26,CITRUSCY_15UNITS,0.0
2025-06-30 06:29:59,26,CITRUSCY_15UNITS,0.0
2025-06-30 06:44:59,27,CITRUSCY_15UNITS,0.0
2025-06-30 06:44:59,27,CITRUSCY_15UNITS,0.0
2025-06-30 06:44:59,27,CITRUSCY_15UNITS,0.0
2025-06-30 06:59:59,28,CITRUSCY_15UNITS,0.0
2025-06-30 06:59:59,28,CITRUSCY_15UNITS,0.0
2025-06-30 06:59:59,28,CITRUSCY_15UNITS,0.0
2025-06-30 07:14:59,29,CITRUSCY_15UNITS,0.0
2025-06-30 07:14:59,29,CITRUSCY_15UNITS,0.0
2025-06-30 07:14:59,29,CITRUSCY_15UNITS,0.0
2025-06-30 07:29:59,30,CITRUSCY_15UNITS,0.0
2025-06-30 07:29:59,30,CITRUSCY_15UNITS,0.0
2025-06-30 07:29:59,30,CITRUSCY_15UNITS,0.0
2025-06-30 07:44:59,31,CITRUSCY_15UNITS,0.0
2025-06-30 07:44:59,31,CITRUSCY_15UNITS,0.0
2025-06-30 07:44:59,31,CITRUSCY_15UNITS,0.0
2025-06-30 07:59:59,32,CITRUSCY_15UNITS,0.0
2025-06-30 07:59:59,32,CITRUSCY_15UNITS,0.0
2025-06-30 07:59:59,32,CITRUSCY_15UNITS,0.0
2025-06-30 08:14:59,33,CITRUSCY_15UNITS,0.0
2025-06-30 08:14:59,33,CITRUSCY_15UNITS,0.0
2025-06-30 08:14:59,33,CITRUSCY_15UNITS,0.0
2025-06-30 08:29:59,34,CITRUSCY_15UNITS,0.0
2025-06-30 08:29:59,34,CITRUSCY_15UNITS,0.0
2025-06-30 08:29:59,34,CITRUSCY_15UNITS,0.0
2025-06-30 08:44:59,35,CITRUSCY_15UNITS,0.0
2025-06-30 08:44:59,35,CITRUSCY_15UNITS,0.0
2025-06-30 08:44:59,35,CITRUSCY_15UNITS,0.0
2025-06-30 08:59:59,36,CITRUSCY_15UNITS,0.0
2025-06-30 08:59:59,36,CITRUSCY_15UNITS,0.0
2025-06-30 08:59:59,36,CITRUSCY_15UNITS,0.0
2025-06-30 09:14:59,37,CITRUSCY_15UNITS,0.0
2025-06-30 09:14:59,37,CITRUSCY_15UNITS,0.0
2025-06-30 09:14:59,37,CITRUSCY_15UNITS,0.0
2025-06-30 09:29:59,38,CITRUSCY_15UNITS,0.0
2025-06-30 09:29:59,38,CITRUSCY_15UNITS,0.0
2025-06-30 09:29:59,38,CITRUSCY_15UNITS,0.0
2025-06-30 09:44:59,39,CITRUSCY_15UNITS,0.0
2025-06-30 09:44:59,39,CITRUSCY_15UNITS,0.0
2025-06-30 09:44:59,39,CITRUSCY_15UNITS,0.0
2025-06-30 09:59:59,40,CITRUSCY_15UNITS,0.0
2025-06-30 09:59:59,40,CITRUSCY_15UNITS,0.0
2025-06-30 09:59:59,40,CITRUSCY_15UNITS,0.0
2025-06-30 10:14:59,41,CITRUSCY_15UNITS,0.0
2025-06-30 10:14:59,41,CITRUSCY_15UNITS,0.0
2025-06-30 10:14:59,41,CITRUSCY_15UNITS,0.0
2025-06-30 10:29:59,42,CITRUSCY_15UNITS,0.0
2025-06-30 10:29:59,42,CITRUSCY_15UNITS,0.0
2025-06-30 10:29:59,42,CITRUSCY_15UNITS,0.0
2025-06-30 10:44:59,43,CITRUSCY_15UNITS,0.0
2025-06-30 10:44:59,43,CITRUSCY_15UNITS,0.0
2025-06-30 10:44:59,43,CITRUSCY_15UNITS,0.0
2025-06-30 10:59:59,44,CITRUSCY_15UNITS,0.0
2025-06-30 10:59:59,44,CITRUSCY_15UNITS,0.0
2025-06-30 10:59:59,44,CITRUSCY_15UNITS,0.0
2025-06-30 11:14:59,45,CITRUSCY_15UNITS,0.0
2025-06-30 11:14:59,45,CITRUSCY_15UNITS,0.0
2025-06-30 11:14:59,45,CITRUSCY_15UNITS,0.0
2025-06-30 11:29:59,46,CITRUSCY_15UNITS,0.0
2025-06-30 11:29:59,46,CITRUSCY_15UNITS,0.0
2025-06-30 11:29:59,46,CITRUSCY_15UNITS,0.0
2025-06-30 11:44:59,47,CITRUSCY_15UNITS,0.0
2025-06-30 11:44:59,47,CITRUSCY_15UNITS,0.0
2025-06-30 11:44:59,47,CITRUSCY_15UNITS,0.0
2025-06-30 11:59:59,48,CITRUSCY_15UNITS,0.0
2025-06-30 11:59:59,48,CITRUSCY_15UNITS,0.0
2025-06-30 11:59:59,48,CITRUSCY_15UNITS,0.0
2025-06-30 12:14:59,49,CITRUSCY_15UNITS,0.0
2025-06-30 12:14:59,49,CITRUSCY_15UNITS,0.0
2025-06-30 12:14:59,49,CITRUSCY_15UNITS,0.0
2025-06-30 12:29:59,50,CITRUSCY_15UNITS,0.0
2025-06-30 12:29:59,50,CITRUSCY_15UNITS,0.0
2025-06-30 12:29:59,50,CITRUSCY_15UNITS,0.0
2025-06-30 12:44:59,51,CITRUSCY_15UNITS,0.0
2025-06-30 12:44:59,51,CITRUSCY_15UNITS,0.0
2025-06-30 12:44:59,51,CITRUSCY_15UNITS,0.0
2025-06-30 12:59:59,52,CITRUSCY_15UNITS,0.0
2025-06-30 12:59:59,52,CITRUSCY_15UNITS,0.0
2025-06-30 12:59:59,52,CITRUSCY_15UNITS,0.0
2025-06-30 13:14:59,53,CITRUSCY_15UNITS,0.0
2025-06-30 13:14:59,53,CITRUSCY_15UNITS,0.0
2025-06-30 13:14:59,53,CITRUSCY_15UNITS,0.0
2025-06-30 13:29:59,54,CITRUSCY_15UNITS,0.0
2025-06-30 13:29:59,54,CITRUSCY_15UNITS,0.0
2025-06-30 13:29:59,54,CITRUSCY_15UNITS,0.0
2025-06-30 13:44:59,55,CITRUSCY_15UNITS,0.0
2025-06-30 13:44:59,55,CITRUSCY_15UNITS,0.0
2025-06-30 13:44:59,55,CITRUSCY_15UNITS,0.0
2025-06-30 13:59:59,56,CITRUSCY_15UNITS,0.0
2025-06-30 13:59:59,56,CITRUSCY_15UNITS,0.0
2025-06-30 13:59:59,56,CITRUSCY_15UNITS,0.0
2025-06-30 14:14:59,57,CITRUSCY_15UNITS,0.0
2025-06-30 14:14:59,57,CITRUSCY_15UNITS,0.0
2025-06-30 14:14:59,57,CITRUSCY_15UNITS,0.0
2025-06-30 14:29:59,58,CITRUSCY_15UNITS,0.0
2025-06-30 14:29:59,58,CITRUSCY_15UNITS,0.0
2025-06-30 14:29:59,58,CITRUSCY_15UNITS,0.0
2025-06-30 14:44:59,59,CITRUSCY_15UNITS,0.0
2025-06-30 14:44:59,59,CITRUSCY_15UNITS,0.0
2025-06-30 14:44:59,59,CITRUSCY_15UNITS,0.0
2025-06-30 14:59:59,60,CITRUSCY_15UNITS,0.0
2025-06-30 14:59:59,60,CITRUSCY_15UNITS,0.0
2025-06-30 14:59:59,60,CITRUSCY_15UNITS,0.0
2025-06-30 15:14:59,61,CITRUSCY_15UNITS,0.0
2025-06-30 15:14:59,61,CITRUSCY_15UNITS,0.0
2025-06-30 15:14:59,61,CITRUSCY_15UNITS,0.0
2025-06-30 15:29:59,62,CITRUSCY_15UNITS,0.0
2025-06-30 15:29:59,62,CITRUSCY_15UNITS,0.0
2025-06-30 15:29:59,62,CITRUSCY_15UNITS,0.0
2025-06-30 15:44:59,63,CITRUSCY_15UNITS,0.24048
2025-06-30 15:44:59,63,CITRUSCY_15UNITS,0.24048
2025-06-30 15:44:59,63,CITRUSCY_15UNITS,0.24048
2025-06-30 15:59:59,64,CITRUSCY_15UNITS,1.1908799999
2025-06-30 15:59:59,64,CITRUSCY_15UNITS,1.1908799999
2025-06-30 15:59:59,64,CITRUSCY_15UNITS,1.1908799999
2025-06-30 16:14:59,65,CITRUSCY_15UNITS,0.1670399999
2025-06-30 16:14:59,65,CITRUSCY_15UNITS,0.1670399999
2025-06-30 16:14:59,65,CITRUSCY_15UNITS,0.1670399999
2025-06-30 16:29:59,66,CITRUSCY_15UNITS,0.0
2025-06-30 16:29:59,66,CITRUSCY_15UNITS,0.0
2025-06-30 16:29:59,66,CITRUSCY_15UNITS,0.0
2025-06-30 16:44:59,67,CITRUSCY_15UNITS,0.0
2025-06-30 16:44:59,67,CITRUSCY_15UNITS,0.0
2025-06-30 16:44:59,67,CITRUSCY_15UNITS,0.0
2025-06-30 16:59:59,68,CITRUSCY_15UNITS,0.0
2025-06-30 16:59:59,68,CITRUSCY_15UNITS,0.0
2025-06-30 16:59:59,68,CITRUSCY_15UNITS,0.0
2025-06-30 17:14:59,69,CITRUSCY_15UNITS,0.0
2025-06-30 17:14:59,69,CITRUSCY_15UNITS,0.0
2025-06-30 17:14:59,69,CITRUSCY_15UNITS,0.0
2025-06-30 17:29:59,70,CITRUSCY_15UNITS,0.0
2025-06-30 17:29:59,70,CITRUSCY_15UNITS,0.0
2025-06-30 17:29:59,70,CITRUSCY_15UNITS,0.0
2025-06-30 17:44:59,71,CITRUSCY_15UNITS,0.0
2025-06-30 17:44:59,71,CITRUSCY_15UNITS,0.0
2025-06-30 17:44:59,71,CITRUSCY_15UNITS,0.0
2025-06-30 17:59:59,72,CITRUSCY_15UNITS,0.0
2025-06-30 17:59:59,72,CITRUSCY_15UNITS,0.0
2025-06-30 17:59:59,72,CITRUSCY_15UNITS,0.0
2025-06-30 18:14:59,73,CITRUSCY_15UNITS,0.0
2025-06-30 18:14:59,73,CITRUSCY_15UNITS,0.0
2025-06-30 18:14:59,73,CITRUSCY_15UNITS,0.0
2025-06-30 18:29:59,74,CITRUSCY_15UNITS,0.0
2025-06-30 18:29:59,74,CITRUSCY_15UNITS,0.0
2025-06-30 18:29:59,74,CITRUSCY_15UNITS,0.0
2025-06-30 18:44:59,75,CITRUSCY_15UNITS,0.0
2025-06-30 18:44:59,75,CITRUSCY_15UNITS,0.0
2025-06-30 18:44:59,75,CITRUSCY_15UNITS,0.0
2025-06-30 18:59:59,76,CITRUSCY_15UNITS,0.0
2025-06-30 18:59:59,76,CITRUSCY_15UNITS,0.0
2025-06-30 18:59:59,76,CITRUSCY_15UNITS,0.0
2025-06-30 19:14:59,77,CITRUSCY_15UNITS,0.0
2025-06-30 19:14:59,77,CITRUSCY_15UNITS,0.0
2025-06-30 19:14:59,77,CITRUSCY_15UNITS,0.0
2025-06-30 19:29:59,78,CITRUSCY_15UNITS,0.0
2025-06-30 19:29:59,78,CITRUSCY_15UNITS,0.0
2025-06-30 19:29:59,78,CITRUSCY_15UNITS,0.0
2025-06-30 19:44:59,79,CITRUSCY_15UNITS,0.0
2025-06-30 19:44:59,79,CITRUSCY_15UNITS,0.0
2025-06-30 19:44:59,79,CITRUSCY_15UNITS,0.0
2025-06-30 19:59:59,80,CITRUSCY_15UNITS,0.0
2025-06-30 19:59:59,80,CITRUSCY_15UNITS,0.0
2025-06-30 19:59:59,80,CITRUSCY_15UNITS,0.0
2025-06-30 20:14:59,81,CITRUSCY_15UNITS,0.0
2025-06-30 20:14:59,81,CITRUSCY_15UNITS,0.0
2025-06-30 20:14:59,81,CITRUSCY_15UNITS,0.0
2025-06-30 20:29:59,82,CITRUSCY_15UNITS,0.0
2025-06-30 20:29:59,82,CITRUSCY_15UNITS,0.0
2025-06-30 20:29:59,82,CITRUSCY_15UNITS,0.0
2025-06-30 20:44:59,83,CITRUSCY_15UNITS,0.0
2025-06-30 20:44:59,83,CITRUSCY_15UNITS,0.0
2025-06-30 20:44:59,83,CITRUSCY_15UNITS,0.0
2025-06-30 20:59:59,84,CITRUSCY_15UNITS,0.0
2025-06-30 20:59:59,84,CITRUSCY_15UNITS,0.0
2025-06-30 20:59:59,84,CITRUSCY_15UNITS,0.0
2025-06-30 21:14:59,85,CITRUSCY_15UNITS,0.0
2025-06-30 21:14:59,85,CITRUSCY_15UNITS,0.0
2025-06-30 21:14:59,85,CITRUSCY_15UNITS,0.0
2025-06-30 21:29:59,86,CITRUSCY_15UNITS,0.0
2025-06-30 21:29:59,86,CITRUSCY_15UNITS,0.0
2025-06-30 21:29:59,86,CITRUSCY_15UNITS,0.0
2025-06-30 21:44:59,87,CITRUSCY_15UNITS,0.0
2025-06-30 21:44:59,87,CITRUSCY_15UNITS,0.0
2025-06-30 21:44:59,87,CITRUSCY_15UNITS,0.0
2025-06-30 21:59:59,88,CITRUSCY_15UNITS,0.0
2025-06-30 21:59:59,88,CITRUSCY_15UNITS,0.0
2025-06-30 21:59:59,88,CITRUSCY_15UNITS,0.0
2025-06-30 22:14:59,89,CITRUSCY_15UNITS,0.0
2025-06-30 22:14:59,89,CITRUSCY_15UNITS,0.0
2025-06-30 22:14:59,89,CITRUSCY_15UNITS,0.0
2025-06-30 22:29:59,90,CITRUSCY_15UNITS,0.0
2025-06-30 22:29:59,90,CITRUSCY_15UNITS,0.0
2025-06-30 22:29:59,90,CITRUSCY_15UNITS,0.0
2025-06-30 22:44:59,91,CITRUSCY_15UNITS,0.0
2025-06-30 22:44:59,91,CITRUSCY_15UNITS,0.0
2025-06-30 22:44:59,91,CITRUSCY_15UNITS,0.0
2025-06-30 22:59:59,92,CITRUSCY_15UNITS,0.0
2025-06-30 22:59:59,92,CITRUSCY_15UNITS,0.0
2025-06-30 22:59:59,92,CITRUSCY_15UNITS,0.0
2025-06-30 23:14:59,93,CITRUSCY_15UNITS,0.0
2025-06-30 23:14:59,93,CITRUSCY_15UNITS,0.0
2025-06-30 23:14:59,93,CITRUSCY_15UNITS,0.0
2025-06-30 23:29:59,94,CITRUSCY_15UNITS,0.0
2025-06-30 23:29:59,94,CITRUSCY_15UNITS,0.0
2025-06-30 23:29:59,94,CITRUSCY_15UNITS,0.0
2025-06-30 23:44:59,95,CITRUSCY_15UNITS,0.0
2025-06-30 23:44:59,95,CITRUSCY_15UNITS,0.0
2025-06-30 23:44:59,95,CITRUSCY_15UNITS,0.0
2025-06-30 23:59:59,96,CITRUSCY_15UNITS,0.0
2025-06-30 23:59:59,96,CITRUSCY_15UNITS,0.0
2025-06-30 23:59:59,96,CITRUSCY_15UNITS,0.0
